YEAR,CONSTITUENCY,NAME,WINNER,PARTY,GENDER,VOTES,ELECTORS,VOTERS,VALID VOTES
1980,ROYAPURAM,PONNURANGAM.P,W,DMK,M,37390,116630,74988,74319
1980,ROYAPURAM,PANDIAN.D,N,CPI,M,36455,116630,74988,74319
1980,ROYAPURAM,NAGALINGAM.S,N,IND,M,192,116630,74988,74319
1980,ROYAPURAM,RAMIAH.M,N,IND,M,181,116630,74988,74319
1980,ROYAPURAM,VIVEKANANDAN.K,N,JNP(SR),M,101,116630,74988,74319
1980,HARBOUR,SELVARASAN.A,W,DMK,M,32716,112040,61069,60430
1980,HARBOUR,DR. HABIBULLA BAIG,N,ADMK,M,21701,112040,61069,60430
1980,HARBOUR,BALASUNDARAM.T.S,N,JNP(JP),M,5706,112040,61069,60430
1980,HARBOUR,SIVASHANMUGAM.M,N,IND,M,307,112040,61069,60430
1980,DR. RADHAKRISHNAN NAGAR,RAJASEKARAN.V,W,INC(I),M,44076,146769,91527,90648
1980,DR. RADHAKRISHNAN NAGAR,ISARI D. VELAN,N,ADMK,M,36888,146769,91527,90648
1980,DR. RADHAKRISHNAN NAGAR,ARUMUGASAMY.K,N,JNP(JP),M,8685,146769,91527,90648
1980,DR. RADHAKRISHNAN NAGAR,BASKARAPANDIAN.A,N,IND,M,196,146769,91527,90648
1980,DR. RADHAKRISHNAN NAGAR,LAKSHMIPATHY.K.V,N,IND,M,195,146769,91527,90648
1980,DR. RADHAKRISHNAN NAGAR,RAJAGOPAL.R.,N,IND,M,143,146769,91527,90648
1980,DR. RADHAKRISHNAN NAGAR,M. AMSA,N,IND,F,117,146769,91527,90648
1980,DR. RADHAKRISHNAN NAGAR,BALARANJAN.P,N,IND,M,115,146769,91527,90648
1980,DR. RADHAKRISHNAN NAGAR,ELUMALAI.S.P,N,IND,M,103,146769,91527,90648
1980,DR. RADHAKRISHNAN NAGAR,ISMAIL.P.M,N,IND,M,70,146769,91527,90648
1980,DR. RADHAKRISHNAN NAGAR,AMBALAVANAN.D,N,IND,M,60,146769,91527,90648
1980,PARK TOWN,SOMU.N.V.N,W,DMK,M,38095,120797,68990,68098
1980,PARK TOWN,LALCHAND DAGA.S.,N,GKC,M,23197,120797,68990,68098
1980,PARK TOWN,ARUMUGHA NAICKER.A,N,JNP(JP),M,6556,120797,68990,68098
1980,PARK TOWN,MANAKCHAND NAHAR,N,IND,M,146,120797,68990,68098
1980,PARK TOWN,JAGAJOTHI ALIAS GOVINDARAJULU.C,N,IND,M,104,120797,68990,68098
1980,PERAMBUR,BALAN.S,W,DMK,M,49269,148248,91400,90258
1980,PERAMBUR ,MURUGAIAN.V,N,CPM,M,40989,148248,91400,90258
1980,PURASAWALKAM,ANBAZHAGAN.K,W,DMK,M,52729,169938,101569,100724
1980,PURASAWALKAM,VALAMPURI JOHN,N,ADMK,M,47021,169938,101569,100724
1980,PURASAWALKAM,MANIVANNAN.D,N,IND,M,535,169938,101569,100724
1980,PURASAWALKAM,MANI.D,N,IND,M,439,169938,101569,100724
1980,EGMORE,ELLAYAPERUMAL.L,W,INC(I),M,38200,117282,63041,62427
1980,EGMORE,SIVANESAN.D.R,N,INC(U),M,23444,117282,63041,62427
1980,EGMORE,PONNURANGAM.M,N,IND,M,783,117282,63041,62427
1980,ANNA NAGAR,KARUNANIDHI.M,W,DMK,M,51290,169720,105653,104731
1980,ANNA NAGAR,HANDE.H.V,N,ADMK,M,50591,169720,105653,104731
1980,ANNA NAGAR,JEBAMANI.R,N,JNP,M,2335,169720,105653,104731
1980,ANNA NAGAR,AKILAN (ALIAS) HARI,N,IND,M,166,169720,105653,104731
1980,ANNA NAGAR,VEERAPPA GOUNDER.V.T.R,N,IND,M,96,169720,105653,104731
1980,ANNA NAGAR,RAMESH.B,N,IND,M,70,169720,105653,104731
1980,ANNA NAGAR,VARADADESIGAN.O.A,N,IND,M,67,169720,105653,104731
1980,ANNA NAGAR,KANNIAPPAN.T,N,IND,M,54,169720,105653,104731
1980,ANNA NAGAR,VELSAMI NADAR.S,N,IND,M,34,169720,105653,104731
1980,ANNA NAGAR,DURAISWAMY NADAR.N,N,IND,M,28,169720,105653,104731
1980,THEAGARAYA NAGAR,SOURIRAJAN.K,W,GKC,M,42566,153113,84892,84164
1980,THEAGARAYA NAGAR,CHANDRAN JEYAPAL.R.E,N,DMK,M,36100,153113,84892,84164
1980,THEAGARAYA NAGAR,SANCKAR.K,N,BJP,M,3716,153113,84892,84164
1980,THEAGARAYA NAGAR,SWAMINATHAN.T,N,JNP(JP),M,1462,153113,84892,84164
1980,THEAGARAYA NAGAR,NATARAJAN.K,N,IND,M,130,153113,84892,84164
1980,THEAGARAYA NAGAR,VASEKARAN.D,N,JNP(SR),M,94,153113,84892,84164
1980,THEAGARAYA NAGAR,WARRIER.N.K,N,IND,M,54,153113,84892,84164
1980,THEAGARAYA NAGAR,JAGANNATHAN.E,N,IND,M,42,153113,84892,84164
1980,THOUSAND LIGHTS,KRISHNASAMY.K.A,W,ADMK,M,40499,141773,81628,80691
1980,THOUSAND LIGHTS,SADIQ PASHA.S.J,N,DMK,M,40192,141773,81628,80691
1980,CHEPAUK,RAHMAN KHAN.A,W,DMK,M,32627,100569,59148,58639
1980,CHEPAUK,ABDUL KHADER.M.S,N,ADMK,M,23401,100569,59148,58639
1980,CHEPAUK,KANDASAMY.S.V,N,JNP(JP),M,2517,100569,59148,58639
1980,CHEPAUK,RANGANATHAN.K.N,N,IND,M,94,100569,59148,58639
1980,TRIPLICANE,HAJA SHAREEFF.K.S.G,W,INC(I),M,33664,113394,64415,63798
1980,TRIPLICANE,SRIDHARAN.V.K,N,INC(U),M,26786,113394,64415,63798
1980,TRIPLICANE,RAMASWAMY.G,N,JNP(JP),M,1811,113394,64415,63798
1980,TRIPLICANE,GOPALAKRISHNAN.N,N,JNP(SR),M,567,113394,64415,63798
1980,TRIPLICANE,LAKSHMAIAH.C,N,IND,M,485,113394,64415,63798
1980,TRIPLICANE,JAYALAKSHMI.V,N,IND,F,377,113394,64415,63798
1980,TRIPLICANE,CHANDRAMOHAN ERA,N,IND,M,108,113394,64415,63798
1980,MYLAPORE,"KAPALI,T.K",W,ADMK,M,41260,143818,83831,83089
1980,MYLAPORE,MANOHARAN.K,N,DMK,M,37944,143818,83831,83089
1980,MYLAPORE,KALIVARATHAN.G,N,BJP,M,3015,143818,83831,83089
1980,MYLAPORE,LOGANATHAN.R,N,IND,M,418,143818,83831,83089
1980,MYLAPORE,KAVIMANI.R.S,N,IND,M,205,143818,83831,83089
1980,MYLAPORE,YOUSUFF HAROON.M.A,N,IND,M,182,143818,83831,83089
1980,MYLAPORE,MANAKCHAND NAHAR,N,IND,M,65,143818,83831,83089
1980,SAIDAPET,PURUSHOTHAMAN.D,W,DMK,M,40403,144121,85049,84261
1980,SAIDAPET,SAITHAI DURAISAMY.S,N,ADMK,M,38706,144121,85049,84261
1980,SAIDAPET,SUBRAMANI.A,N,JNP(JP),M,4870,144121,85049,84261
1980,SAIDAPET,PETER.A.J,N,IND,M,282,144121,85049,84261
1980,GUMMIDIPUNDI,MUNIRATHINAM.R.S,W,ADMK,M,41845,127863,86905,85387
1980,GUMMIDIPUNDI,VENU.K,N,DMK,M,34019,127863,86905,85387
1980,GUMMIDIPUNDI,PARANDAMAN.M,N,JNP(JP),M,9523,127863,86905,85387
1980,PONNERI,CHAKARAPANI.R,W,ADMK,M,42408,135012,84245,83033
1980,PONNERI,NAGALINGAM.P,N,DMK,M,27490,135012,84245,83033
1980,PONNERI,VETRIVEERAN.G,N,IND,M,7508,135012,84245,83033
1980,PONNERI,MUNIVEL.R.S,N,JNP(JP),M,4619,135012,84245,83033
1980,PONNERI,SIVALINGAM.K,N,IND,M,350,135012,84245,83033
1980,PONNERI,SEEMEN THALAPATHY.C.V,N,IND,M,313,135012,84245,83033
1980,PONNERI,CHINNARAJ.G,N,IND,M,234,135012,84245,83033
1980,PONNERI,ELUMALAI.A.P,N,IND,M,111,135012,84245,83033
1980,THIRUVOTTIYUR,KUMARI ANANTHAN,W,GKC,M,48451,153890,103302,102296
1980,THIRUVOTTIYUR,LOGANATHAN.T,N,INC(I),M,44993,153890,103302,102296
1980,THIRUVOTTIYUR,ELUMALAI.T.P,N,JNP(JP),M,8604,153890,103302,102296
1980,THIRUVOTTIYUR,NITHIANANDHAN.M,N,IND,M,248,153890,103302,102296
1980,VILLIVAKKAM,PRABAKARAN.J.C.D,W,ADMK,M,57192,191966,120815,119548
1980,VILLIVAKKAM,SUPPU.K,N,DMK,M,56489,191966,120815,119548
1980,VILLIVAKKAM,KANAKASABAI.R,N,JNP(JP),M,5235,191966,120815,119548
1980,VILLIVAKKAM,THEODORE.C,N,IND,M,382,191966,120815,119548
1980,VILLIVAKKAM,BALASUBRAMANIAM.N,N,IND,M,250,191966,120815,119548
1980,ALANDUR,ABDUL RAZACK.K.M,W,ADMK,M,50345,166900,101383,100332
1980,ALANDUR,SAMPATH.N.P.L,N,INC(I),M,44506,166900,101383,100332
1980,ALANDUR,DURAIVELU.D,N,JNP(JP),M,2919,166900,101383,100332
1980,ALANDUR,RAGUPATHY.T.L,N,IND,M,2562,166900,101383,100332
1980,TAMBARAM,PAMMAL NALLATHAMBI,W,DMK,M,59931,179404,117561,116326
1980,TAMBARAM,MUNU ADHI,N,ADMK,M,53746,179404,117561,116326
1980,TAMBARAM,GAJENDRANM.,N,JNP(JP),M,1999,179404,117561,116326
1980,TAMBARAM,MERVIN,N,IND,M,219,179404,117561,116326
1980,TAMBARAM,MOHAN.G,N,IND,M,188,179404,117561,116326
1980,TAMBARAM,RENGANATHAN.K,N,IND,M,169,179404,117561,116326
1980,TAMBARAM,JOTHI.T,N,IND,M,74,179404,117561,116326
1980,TIRUPPORUR,CHOCKALINGA.G,W,DMK,M,33287,104235,66622,65749
1980,TIRUPPORUR,GOVINDARASAN.M,N,ADMK,M,30990,104235,66622,65749
1980,TIRUPPORUR,DHANAPAL.V,N,IND,M,572,104235,66622,65749
1980,TIRUPPORUR,JAYACHANDRAN.N,N,IND,M,562,104235,66622,65749
1980,TIRUPPORUR,KRISHNAN.N,N,IND,M,338,104235,66622,65749
1980,CHENGALPATTU,"JAGADEESAN,ANOOR.P.G",W,ADMK,M,40466,124925,77315,76245
1980,CHENGALPATTU,NATARAJAN.K,N,INC(I),M,35314,124925,77315,76245
1980,CHENGALPATTU,RAMACHANDRAN.S.P,N,IND,M,465,124925,77315,76245
1980,MADURANTHAKAM,UGAMCHAND.S.D,W,ADMK,M,46922,111475,84133,82549
1980,MADURANTHAKAM,ARUMUGAM.C,N,DMK,M,35113,111475,84133,82549
1980,MADURANTHAKAM,AHMAD BASHA.A,N,IND,M,299,111475,84133,82549
1980,MADURANTHAKAM,VEERAPPA GOUNDER.V.T.R,N,IND,M,215,111475,84133,82549
1980,ACHARAPAKKAM,GANESAN.C,W,ADMK,M,35233,102790,71590,70347
1980,ACHARAPAKKAM,MANAVALAN.C.M,N,DMK,M,35114,102790,71590,70347
1980,UTHIRAMERUR,JAGATHRAKSHAKAN.S,W,ADMK,M,43303,128261,89390,88172
1980,UTHIRAMERUR,RAMADOSS.S,N,INC(I),M,41717,128261,89390,88172
1980,UTHIRAMERUR,SEETHARAMA NAICKER.P,N,JNP(JP),M,1434,128261,89390,88172
1980,UTHIRAMERUR,MURUGESAN.M,N,IND,M,983,128261,89390,88172
1980,UTHIRAMERUR,MANI.P,N,IND,M,564,128261,89390,88172
1980,UTHIRAMERUR,ARUMUGA GOUNDER.K,N,IND,M,171,128261,89390,88172
1980,KANCHEEPURAM,VENKATASUBRAMANIAN.P,W,ADMK,M,46051,130410,96439,95445
1980,KANCHEEPURAM,SAMBANDAN.V,N,DMK,M,43859,130410,96439,95445
1980,KANCHEEPURAM,CHANDRAKUMAR.K,N,JNP(JP),M,4350,130410,96439,95445
1980,KANCHEEPURAM,ANANDAN.J,N,IND,M,519,130410,96439,95445
1980,KANCHEEPURAM,RANGANATHAN.M,N,IND,M,437,130410,96439,95445
1980,KANCHEEPURAM,VAJJIRAVELU CHETTIAR.K.M,N,IND,M,229,130410,96439,95445
1980,SRIPERUMBUDUR,D.YASODHA,W,INC(I),F,37370,116937,71516,70553
1980,SRIPERUMBUDUR,JAGANATHAN.S,N,ADMK,M,31341,116937,71516,70553
1980,SRIPERUMBUDUR,AYYAVOO.T,N,JNP(JP),M,1842,116937,71516,70553
1980,POONAMALLEE,RAJARATHINAM.D.,W,DMK,M,38018,139060,78888,77860
1980,POONAMALLEE,SAMBANDAN,N,GKC,M,26930,139060,78888,77860
1980,POONAMALLEE,CHINNASAMY.P.POOVAI,N,IND,M,8547,139060,78888,77860
1980,POONAMALLEE,MOORTHY.M,N,IND,M,2246,139060,78888,77860
1980,POONAMALLEE,THIRUVEN GADAM.G,N,BJP,M,1605,139060,78888,77860
1980,POONAMALLEE,LAKSHMIPATHY NAIDU.T,N,IND,M,514,139060,78888,77860
1980,TIRUVALLUR,PATTABIRAMAN.S,W,ADMK,M,30121,113728,73737,72595
1980,TIRUVALLUR,PURUSHOTHAMAN.R,N,INC(I),M,24585,113728,73737,72595
1980,TIRUVALLUR,MUNIRATHAM NAIDU.B,N,JNP(JP),M,12560,113728,73737,72595
1980,TIRUVALLUR,SELVARAJ.M,N,IND,M,4794,113728,73737,72595
1980,TIRUVALLUR,VARADARAJAN.T,N,IND,M,300,113728,73737,72595
1980,TIRUVALLUR,SAGARIYA.D,N,IND,M,235,113728,73737,72595
1980,TIRUTTANI,SHANMUGAM.R,W,ADMK,M,35845,111514,73548,72270
1980,TIRUTTANI,NAMASHIVAYAM.T,N,INC(I),M,25754,111514,73548,72270
1980,TIRUTTANI,CHIRANJEEVULU NAIDU.C,N,JNP(JP),M,8967,111514,73548,72270
1980,TIRUTTANI,SHAMBUGAM.P.V,N,IND,M,1456,111514,73548,72270
1980,TIRUTTANI,SUBRAMANYARAJU.D,N,IND,M,248,111514,73548,72270
1980,PALLIPET,NARASIMHAN.P.M,W,ADMK,M,26377,113473,76589,75308
1980,PALLIPET,EAKAMBARA REDDY.A,N,INC(I),M,25967,113473,76589,75308
1980,PALLIPET,SWAMINATHAN.E.M,N,IND,M,22964,113473,76589,75308
1980,ARKONAM,VIJAYASARATHY.M,W,ADMK,M,36314,124404,75248,74355
1980,ARKONAM,JAYARAJ.G,N,INC(I),M,35393,124404,75248,74355
1980,ARKONAM,VARADARAJAN.M,N,JNP(JP),M,1486,124404,75248,74355
1980,ARKONAM,NATARAJAN.S. M. N,N,IND,M,758,124404,75248,74355
1980,ARKONAM,ANNIAPPAN.M,N,IND,M,404,124404,75248,74355
1980,SHOLINGHUR,GOPAL.C,W,ADMK,M,35783,117710,73525,72442
1980,SHOLINGHUR,MOORTHY.K,N,DMK,M,35626,117710,73525,72442
1980,SHOLINGHUR,ANNAMALAI REDDIAR.V.S,N,IND,M,401,117710,73525,72442
1980,SHOLINGHUR,KANTHAPPAN.A,N,IND,M,330,117710,73525,72442
1980,SHOLINGHUR,PERIASAMY REDDIAR.A.M,N,IND,M,302,117710,73525,72442
1980,RANIPET,DURAI MURUGAN,W,DMK,M,44318,126741,83912,82529
1980,RANIPET,RENU.N,N,ADMK,M,37064,126741,83912,82529
1980,RANIPET,MURTHY.R. T. S,N,IND,M,431,126741,83912,82529
1980,RANIPET,ABDUL SUBHAN.S. A,N,IND,M,367,126741,83912,82529
1980,RANIPET,ASWATHAMAN.S,N,IND,M,349,126741,83912,82529
1980,ARCOT,SETHURAMAN.A.M,W,ADMK,M,35998,114631,75111,73695
1980,ARCOT,AKBER PASHA.B,N,INC(I),M,34058,114631,75111,73695
1980,ARCOT,BASKARAN.N,N,JNP(JP),M,3179,114631,75111,73695
1980,ARCOT,AMARTHALINGAM.T. R,N,IND,M,460,114631,75111,73695
1980,KATPADI,POONGAVANAM.N. A,W,CPI,M,31918,121387,69967,68676
1980,KATPADI,SHANMUGASUNDARAM.A. K,N,INC(I),M,26639,121387,69967,68676
1980,KATPADI,RANGA REDDY.T. R,N,JNP(JP),M,7214,121387,69967,68676
1980,KATPADI,JAYAVELU.M.A,N,IND,M,2905,121387,69967,68676
1980,GUDIYATHAM,SUNDARAM.K.R,W,CPM,M,30869,110942,71317,70365
1980,GUDIYATHAM,WAHAB.K.A,N,IND,M,20929,110942,71317,70365
1980,GUDIYATHAM,SUNDRARAJULU.A. K,N,JNP(JP),M,17832,110942,71317,70365
1980,GUDIYATHAM,GANESAN.P.S,N,IND,M,735,110942,71317,70365
1980,PERNAMBUT,MOORTHY.G,W,ADMK,M,30048,113142,67410,66323
1980,PERNAMBUT,RAJARATHINAM.C,N,INC(I),M,24713,113142,67410,66323
1980,PERNAMBUT,RAJAGOPAL.P,N,JNP(JP),M,8982,113142,67410,66323
1980,PERNAMBUT,SAMANNAN.K,N,IND,M,1044,113142,67410,66323
1980,PERNAMBUT,MUNISAMY.S,N,IND,M,731,113142,67410,66323
1980,PERNAMBUT,PERUMAL.B,N,IND,M,517,113142,67410,66323
1980,PERNAMBUT,TAMILARASAN.A,N,IND,M,288,113142,67410,66323
1980,VANIAYAMBADI,KULASEKARA PANDIYAN.N,W,ADMK,M,38049,115231,73649,72424
1980,VANIAYAMBADI,ABDUL LATHEEF.M,N,IND,M,34375,115231,73649,72424
1980,NATRAMPALLI,ANBAZHAGAN.T,W,ADMK,M,42786,127218,87220,85881
1980,NATRAMPALLI,RAJA.N. K,N,DMK,M,36161,127218,87220,85881
1980,NATRAMPALLI,NAMACHIVAYAM.K.P,N,JNP(JP),M,6934,127218,87220,85881
1980,TIRUPPATTUR,SUNDARAM.B,W,DMK,M,42786,124811,79212,78158
1980,TIRUPPATTUR,RAMASAMY.G,N,ADMK,M,34682,124811,79212,78158
1980,TIRUPPATTUR,RAJA.T.V.,N,IND,M,690,124811,79212,78158
1980,CHENGAM,SWAMIKANNU.T,W,ADMK,M,26823,102993,56773,55816
1980,CHENGAM,ARUMUGAM.A,N,INC(I),M,25987,102993,56773,55816
1980,CHENGAM,ARUMUGAM.P,N,IND,M,3006,102993,56773,55816
1980,THANDARAMBATTU,VENUGOPAL.D,W,DMK,M,46326,110889,73723,72540
1980,THANDARAMBATTU,KASINATHAN.U,N,GKC,M,25257,110889,73723,72540
1980,THANDARAMBATTU,MUNUSAMY KANDAR.K,N,IND,M,593,110889,73723,72540
1980,THANDARAMBATTU,RAMU REDDIAR. B,N,IND,M,364,110889,73723,72540
1980,TIRUVANNAMALAI,NARAYANASAMY.K,W,INC(I),M,54437,120155,93952,92609
1980,TIRUVANNAMALAI,SHUNMUGAM.P.U,N,ADMK,M,36052,120155,93952,92609
1980,TIRUVANNAMALAI,NARAYANASAMY.S,N,IND,M,634,120155,93952,92609
1980,TIRUVANNAMALAI,VENKATESAN.K.R,N,IND,M,520,120155,93952,92609
1980,TIRUVANNAMALAI,GANGADHARA CHETTIAR. S,N,IND,M,456,120155,93952,92609
1980,TIRUVANNAMALAI,KANNAN.S,N,IND,M,266,120155,93952,92609
1980,TIRUVANNAMALAI,VAITHIANATHAN.S,N,IND,M,244,120155,93952,92609
1980,KALASAPAKKAM,THIRUVENGADAM.P.S,W,DMK,M,44923,114081,83961,82443
1980,KALASAPAKKAM,VISVANATHAN. C. N,N,ADMK,M,32972,114081,83961,82443
1980,KALASAPAKKAM,DHANAPAL.C,N,IND,M,2994,114081,83961,82443
1980,KALASAPAKKAM,NATESAN.A.P,N,IND,M,1554,114081,83961,82443
1980,POLUR,BALARAMAN.L,W,INC(I),M,35456,111477,73891,72475
1980,POLUR,SELVAN.A,N,ADMK,M,33303,111477,73891,72475
1980,POLUR,VEDIAPPAN.K.G,N,IND,M,1898,111477,73891,72475
1980,POLUR,SUBRAMANIAN.K. J,N,IND,M,1183,111477,73891,72475
1980,POLUR,MURUGESA GOUNDER.P.C,N,IND,M,635,111477,73891,72475
1980,ANAICUT,VISWANATHAN.G,W,ADMK,M,35242,112926,67386,66034
1980,ANAICUT,JEEVARATHINAM.R,N,INC(I),M,29287,112926,67386,66034
1980,ANAICUT,VAJJRAVEL.K. B,N,IND,M,1505,112926,67386,66034
1980,VELLORE,DEVARAJ.V.M,W,DMK,M,43126,136560,87595,86803
1980,VELLORE,RANGANATHAN.A. K,N,ADMK,M,38619,136560,87595,86803
1980,VELLORE,ESWARAN.K,N,JNP(JP),M,4489,136560,87595,86803
1980,VELLORE,BASEER.S. M,N,IND,M,380,136560,87595,86803
1980,VELLORE,BALASUNDARAM.K. P.S,N,IND,M,189,136560,87595,86803
1980,ARNI,SHANMUGAM.A. C,W,ADMK,M,42928,117556,86392,84761
1980,ARNI,SELVARASU. E,N,DMK,M,37877,117556,86392,84761
1980,ARNI,ETHIRAJU.G,N,JNP(JP),M,3956,117556,86392,84761
1980,CHEYYAR,BABU JANARTHANAN,W,DMK,M,43341,114683,79877,78432
1980,CHEYYAR,VIZHI VENDAN.K A.,N,ADMK,M,35091,114683,79877,78432
1980,VANDAVASI,KUPPUSAMI.C,W,ADMK,M,38501,124733,77852,76678
1980,VANDAVASI,KANNIAPPAN.C,N,DMK,M,36019,124733,77852,76678
1980,VANDAVASI,ASHOK IIAYARAJA,N,JNP(JP),M,1178,124733,77852,76678
1980,VANDAVASI,MOHANAVEL.A,N,IND,M,570,124733,77852,76678
1980,VANDAVASI,RADHAKRISHNAN.D,N,IND,M,410,124733,77852,76678
1980,PERANAMALLUR,VENKITESAN.P. M,W,ADMK,M,32645,121318,75491,74043
1980,PERANAMALLUR,MARGABANDU.R,N,INC(I),M,31767,121318,75491,74043
1980,PERANAMALLUR,PARSWANATHAN.S,N,JNP(JP),M,8275,121318,75491,74043
1980,PERANAMALLUR,ILANGO.N. V,N,IND,M,1356,121318,75491,74043
1980,MELMALAYANUR,CHINNADURAI.A,W,ADMK,M,39572,118992,82275,81027
1980,MELMALAYANUR,PERUMAL NAINAR.V,N,INC(I),M,39374,118992,82275,81027
1980,MELMALAYANUR,RATHINASWAMY. T. S,N,RPI,M,1750,118992,82275,81027
1980,MELMALAYANUR,KOTHANDAM.H,N,IND,M,331,118992,82275,81027
1980,GINGEE,"RAMCHANDRAN, N",W,DMK,M,41708,124732,84975,83558
1980,GINGEE,KRISHNASAMY.G,N,ADMK,M,40075,124732,84975,83558
1980,GINGEE,SUBRAMANIYAN GOUNDER.M,N,IND,M,636,124732,84975,83558
1980,GINGEE,GANESANN,N,IND,M,467,124732,84975,83558
1980,GINGEE,INIYADAYALAN. G,N,IND,M,415,124732,84975,83558
1980,GINGEE,DHARMAN.D,N,IND,M,257,124732,84975,83558
1980,TINDIVANAM,THANGAMANI GOUNDE.K. M,W,INC(I),M,29778,107921,71404,70343
1980,TINDIVANAM,ERAJARAM REDDY,N,ADMK,M,24302,107921,71404,70343
1980,TINDIVANAM,RADHAKRISHNAN,N,JNP(JP),M,15953,107921,71404,70343
1980,TINDIVANAM,THIRUNEELAKANDA GOUNDER.A,N,IND,M,310,107921,71404,70343
1980,VANUR,MUTHUVEL.N,W,DMK,M,38883,123245,74770,73512
1980,VANUR,RAMAJAYAM.M. N,N,ADMK,M,33635,123245,74770,73512
1980,VANUR,KANAGARAJ VANUR.V ,N,IND,M,600,123245,74770,73512
1980,VANUR,ERUSAN.A,N,IND,M,394,123245,74770,73512
1980,KANDAMANGALAM,KANNAN.M,W,ADMK,M,34368,134779,70444,69450
1980,KANDAMANGALAM,MADHAVAN.P,N,INC(I),M,32011,134779,70444,69450
1980,KANDAMANGALAM,DASARATHAN.V,N,JNP(JP),M,1897,134779,70444,69450
1980,KANDAMANGALAM,NAGAMANI.G,N,IND,M,765,134779,70444,69450
1980,KANDAMANGALAM,KANTHIMATHI,N,IND,F,409,134779,70444,69450
1980,VILLUPURAM,PALANIAPPAN.K. P,W,DMK,M,45952,133842,89438,88340
1980,VILLUPURAM,RAJARATHINAM.M,N,ADMK,M,40792,133842,89438,88340
1980,VILLUPURAM,JOTHI.V,N,IND,M,1065,133842,89438,88340
1980,VILLUPURAM,RAMAKRISHNA PADAYACH.G,N,IND,M,531,133842,89438,88340
1980,MUGAIYUR,SUNDARAMURTHY.R,W,INC(I),M,39490,120828,75703,74269
1980,MUGAIYUR,RAGOTHUMAN.G,N,ADMK,M,31889,120828,75703,74269
1980,MUGAIYUR,RAMU.N,N,JNP(JP),M,985,120828,75703,74269
1980,MUGAIYUR,NATESA KANDER.S,N,IND,M,897,120828,75703,74269
1980,MUGAIYUR,VIJAYAKUMAR.R,N,IND,M,775,120828,75703,74269
1980,MUGAIYUR,JOSEPH. S,N,IND,M,233,120828,75703,74269
1980,THIRUNAVALUR,SUBRAMANIAN.V,W,DMK,M,36517,107743,77139,75627
1980,THIRUNAVALUR,MANOHARAN. T.N.G.A,N,ADMK,M,36344,107743,77139,75627
1980,THIRUNAVALUR,JAYARAMAN.A,N,IND,M,1749,107743,77139,75627
1980,THIRUNAVALUR,DURAIVELAVEN.D,N,IND,M,1017,107743,77139,75627
1980,ULUNDURPET,RANGASAMY.K,W,DMK,M,40068,131665,73967,72385
1980,ULUNDURPET,NATESAN KARU,N,ADMK,M,30113,131665,73967,72385
1980,ULUNDURPET,DHARMALINGAM.P. M,N,IND,M,1765,131665,73967,72385
1980,ULUNDURPET,KANDASAMY.M,N,IND,M,439,131665,73967,72385
1980,NELLIKUPPAM,KRISHNAMOORTHI.V,W,DMK,M,40526,111615,74462,73455
1980,NELLIKUPPAM,GOVINDARAJAN.C,N,CPM,M,28415,111615,74462,73455
1980,NELLIKUPPAM,DHANDAPANI.C,N,JNP(JP),M,3655,111615,74462,73455
1980,NELLIKUPPAM,SEETHARAMAN.R.V,N,RPI,M,859,111615,74462,73455
1980,CUDDALORE,BABU GOVINDARAJAN,W,DMK,M,40539,133227,83610,82646
1980,CUDDALORE,RAGUPATHI. A,N,ADMK,M,37398,133227,83610,82646
1980,CUDDALORE,BALAKRISHNA SETHUPATHY PADAYACHI. V,N,JNP(JP),M,4077,133227,83610,82646
1980,CUDDALORE,NARASIMHAN. T. R,N,IND,M,191,133227,83610,82646
1980,CUDDALORE,"RAJAMANICKAM,.M.P",N,IND,M,171,133227,83610,82646
1980,CUDDALORE,VISWANATHAN.R,N,IND,M,161,133227,83610,82646
1980,CUDDALORE,UTHIRAN.N.S,N,IND,M,109,133227,83610,82646
1980,PANRUTI,RAMACHANDRAN.S,W,ADMK,M,44557,112744,87102,85891
1980,PANRUTI,NANDAGOPALAKRISHNAN K,N,DMK,M,40070,112744,87102,85891
1980,PANRUTI,SEENUVASAN ALIAS SEENU,N,JNP(JP),M,681,112744,87102,85891
1980,PANRUTI,CHINNADURAI.K. U,N,IND,M,354,112744,87102,85891
1980,PANRUTI,PALANIVELU. R. PAVALAR,N,IND,M,229,112744,87102,85891
1980,KURINJIPADI,THANGARASU.A,W,ADMK,M,38349,115509,78410,77231
1980,KURINJIPADI,SELVARASU. M,N,DMK,M,35390,115509,78410,77231
1980,KURINJIPADI,ELUMALAI.P,N,RPI,M,2083,115509,78410,77231
1980,KURINJIPADI,DHAYALAN.P,N,IND,M,929,115509,78410,77231
1980,KURINJIPADI,"PALANIAPPA NADAR., K. T. P",N,IND,M,246,115509,78410,77231
1980,KURINJIPADI,PALANIVELU.R,N,IND,M,118,115509,78410,77231
1980,KURINJIPADI,MATHU PATTUSAMY,N,IND,M,116,115509,78410,77231
1980,BHUVANAGIRI,SWAMINATHAN. V .V,W,ADMK,M,41207,118301,85123,83931
1980,BHUVANAGIRI,ASANUDEEN. K.S,N,IND,M,34883,118301,85123,83931
1980,BHUVANAGIRI,NEDUNCHEZHIYAN. A,N,JNP(JP),M,6647,118301,85123,83931
1980,BHUVANAGIRI,SATCHIDANANDAM. A,N,IND,M,1194,118301,85123,83931
1980,KATTUMANNARKOIL,RAMALINGAM.E,W,DMK,M,44012,105613,74916,74022
1980,KATTUMANNARKOIL,MAHALINGAM.P.S,N,CPM,M,29350,105613,74916,74022
1980,KATTUMANNARKOIL,RAJAN.M.R,N,IND,M,660,105613,74916,74022
1980,CHIDAMBARAM,GANAPATHY. K. R,W,ADMK,M,41728,112269,81763,80699
1980,CHIDAMBARAM,KALIYAMOORTHY  DURAI,N,DMK,M,38461,112269,81763,80699
1980,CHIDAMBARAM,MURUGESA. A,N,IND,M,281,112269,81763,80699
1980,CHIDAMBARAM,DHARUMAN PATHAR. K,N,IND,M,229,112269,81763,80699
1980,VRIDHACHALAM,THIYAGARAJAN.R,W,INC(I),M,45382,124287,88899,87510
1980,VRIDHACHALAM,RAMANATHAN.C,N,ADMK,M,41234,124287,88899,87510
1980,VRIDHACHALAM,RAMACHANDRAN.E,N,IND,M,894,124287,88899,87510
1980,MANGALORE,"KALIAMOORTHY, P",W,ADMK,M,40678,130395,85086,83178
1980,MANGALORE,KAMARAJ. S,N,INC(I),M,39495,130395,85086,83178
1980,MANGALORE,SARGURU. N,N,IND,M,1212,130395,85086,83178
1980,MANGALORE,ELANGOVAN. R,N,BJP,M,988,130395,85086,83178
1980,MANGALORE,KANDHIMATHY,N,IND,M,408,130395,85086,83178
1980,MANGALORE,APPAVU. S,N,IND,M,397,130395,85086,83178
1980,RISHIVANDIAM,SUNDARAM.M,W,INC(I),M,38238,108377,76451,74810
1980,RISHIVANDIAM,DEIVEEKAN. M,N,ADMK,M,33317,108377,76451,74810
1980,RISHIVANDIAM,GOVINDASAMI. P,N,IND,M,2552,108377,76451,74810
1980,RISHIVANDIAM,ABDUL WAHAB.T,N,IND,M,703,108377,76451,74810
1980,CHINNASALEM,SIVARAMAN. S,W,INC(I),M,39370,115587,76384,75055
1980,CHINNASALEM,AMBAYIRAM. A,N,ADMK,M,34123,115587,76384,75055
1980,CHINNASALEM,KUPPAN. V,N,IND,M,1562,115587,76384,75055
1980,SANKARAPURAM,KALITHEERTHAN.S,W,ADMK,M,36352,113528,74274,72831
1980,SANKARAPURAM,MUTHUSAMI.D,N,INC(I),M,32811,113528,74274,72831
1980,SANKARAPURAM,DHARMALINGAM. N,N,IND,M,3049,113528,74274,72831
1980,SANKARAPURAM,ABDUL WAHAB.T,N,IND,M,619,113528,74274,72831
1980,HOSUR,VENKATA REDDY.T,W,INC(I),M,25855,106169,52921,51913
1980,HOSUR,KOTHANDARAMAIAH. K.S,N,IND,M,21443,106169,52921,51913
1980,HOSUR,SEETHARAMA REDDY. S,N,INC(U),M,1889,106169,52921,51913
1980,HOSUR,KRISHNAMOORTHY.K,N,JNP(JP),M,1446,106169,52921,51913
1980,HOSUR,KULLAPPA,N,IND,M,744,106169,52921,51913
1980,HOSUR,RAMAKRISHA REDDY.R,N,IND,M,536,106169,52921,51913
1980,THALLI,RAJARAM NAIDU. D.R,W,INC(I),M,25558,112047,62815,61542
1980,THALLI,VIJAYENDRIAH.D. R,N,JNP(JP),M,22601,112047,62815,61542
1980,THALLI,MUNIREDDI.N,N,CPI,M,13383,112047,62815,61542
1980,KAVERIPATTINAM,SAMARASAM.K,W,ADMK,M,35434,110686,70859,69296
1980,KAVERIPATTINAM,VENKATESAN. S,N,DMK,M,31911,110686,70859,69296
1980,KAVERIPATTINAM,PERUMAL GOUNDER.T,N,IND,M,1377,110686,70859,69296
1980,KAVERIPATTINAM,VARADARASAN.A. S,N,IND,M,574,110686,70859,69296
1980,KRISHNAGIRI,CHINNARASU. K. R,W,ADMK,M,28020,106266,57662,56327
1980,KRISHNAGIRI,KAMALANATHAN.M,N,DMK,M,26223,106266,57662,56327
1980,KRISHNAGIRI,KRISHNAMURTHY. S,N,JNP(JP),M,1901,106266,57662,56327
1980,KRISHNAGIRI,FAIROZ BASHA.P.M.,N,IND,M,183,106266,57662,56327
1980,BARGUR,DORAISAMY.B.N.S,W,ADMK,M,39893,113106,70728,69665
1980,BARGUR,MURUGESAN. K,N,DMK,M,29045,113106,70728,69665
1980,BARGUR,PERIASAMY.V,N,IND,M,727,113106,70728,69665
1980,HARUR,SABAPATHY. C.,W,ADMK,M,40009,124169,70223,69383
1980,HARUR,NATESAN. T. V.,N,INC(I),M,27401,124169,70223,69383
1980,HARUR,RAMAN. K.S.,N,IND,M,1715,124169,70223,69383
1980,HARUR,ANNAMALAI.K.,N,IND,M,258,124169,70223,69383
1980,MORAPPUR,KUPPUSAMY. N.,W,ADMK,M,43096,106081,76413,75370
1980,MORAPPUR,BALASUBRAMANIAN. R.,N,INC(I),M,29967,106081,76413,75370
1980,MORAPPUR,SUADEV.G.,N,JNP(JP),M,1089,106081,76413,75370
1980,MORAPPUR,SRINIVASAN. M.R.,N,IND,M,713,106081,76413,75370
1980,MORAPPUR,THEETHAN. K.,N,IND,M,269,106081,76413,75370
1980,MORAPPUR,MARIAPPAN. T.M.A.,N,BJP,M,236,106081,76413,75370
1980,PALACODE,MUNUSAMY. M.B.,W,ADMK,M,38999,113628,75709,74487
1980,PALACODE,BALASUBHRMANIAM . R.,N,INC(I),M,34864,113628,75709,74487
1980,PALACODE,KRISHNAN. P.,N,JNP(JP),M,624,113628,75709,74487
1980,DHARMAPURI,ARANGANATHAN. S.,W,ADMK,M,33977,114697,74964,73671
1980,DHARMAPURI,VADIVEL.D.N.,N,INC(I),M,32472,114697,74964,73671
1980,DHARMAPURI,PONNUSAWMY.P.,N,JNP(JP),M,7222,114697,74964,73671
1980,PENNAGARAM,THEERTHA RAMAN.P,W,GKC,M,34590,112908,66802,65591
1980,PENNAGARAM,MARUMUTHU.K,N,DMK,M,27481,112908,66802,65591
1980,PENNAGARAM,APPUNU GOUNDER. K,N,JNP(JP),M,3520,112908,66802,65591
1980,METTUR,NACHIMUTHU. K.P,W,ADMK,M,48845,126625,84911,83810
1980,METTUR,KANDAPPAN. S,N,DMK,M,29977,126625,84911,83810
1980,METTUR,PACHAIAPAN. M. C,N,JNP(JP),M,4560,126625,84911,83810
1980,METTUR,PALANISAMY. T. K,N,IND,M,233,126625,84911,83810
1980,METTUR,ABDUL AZEEZ. N. B,N,IND,M,195,126625,84911,83810
1980,TARAMANGALAM,SEMMALAI. S,W,IND,M,49597,119790,83584,82203
1980,TARAMANGALAM,NARAYANAN. R,N,INC(I),M,27214,119790,83584,82203
1980,TARAMANGALAM,PERUMAL.S. R,N,CPI,M,3909,119790,83584,82203
1980,TARAMANGALAM,ARUMUGAM. K. S,N,IND,M,1193,119790,83584,82203
1980,TARAMANGALAM,ASAITHAMBI. K,N,IND,M,290,119790,83584,82203
1980,OMALUR,SIVAPERUMAN.M,W,ADMK,M,42399,115489,74250,72846
1980,OMALUR,MARIMUTHU. C,N,DMK,M,30447,115489,74250,72846
1980,YERCAUD,THIRUMAN,W,ADMK,M,28869,99409,57141,56218
1980,YERCAUD,NATESAN. R,N,DMK,M,27020,99409,57141,56218
1980,YERCAUD,KALIAPPAN. R,N,IND,M,185,99409,57141,56218
1980,YERCAUD,RAJAGOPAL. V,N,IND,M,144,99409,57141,56218
1980,SALEM-I,KRISHNARAJ. G,W,ADMK,M,50976,138312,97777,97010
1980,SALEM-I,AMANULLAH KHAN,N,IND,M,31745,138312,97777,97010
1980,SALEM-I,PALANIYEP PAN.A. K,N,JNP(JP),M,12391,138312,97777,97010
1980,SALEM-I,PALANISAMI.S. A,N,BJP,M,597,138312,97777,97010
1980,SALEM-I,SOUNDAPPAN.V,N,IND,M,467,138312,97777,97010
1980,SALEM-I,RAJENDRAN.S. R. V,N,IND,M,286,138312,97777,97010
1980,SALEM-I,GANESADASAN.M,N,IND,M,228,138312,97777,97010
1980,SALEM-I,RAMAKRISHNAN.O.R.A,N,IND,M,145,138312,97777,97010
1980,SALEM-I,BALU (ALIAS) BALASUBRAMANIAM,N,IND,M,123,138312,97777,97010
1980,SALEM-I,JAYAGOPAL.T.K,N,IND,M,52,138312,97777,97010
1980,SALEM-II,ARUMUGAM. M,W,ADMK,M,40975,123202,80162,79450
1980,SALEM-II,ANBALAGAN.K,N,INC(I),M,36235,123202,80162,79450
1980,SALEM-II,SOLAI-ERUSAN,N,JNP(JP),M,1594,123202,80162,79450
1980,SALEM-II,SEERANGAN. M,N,IND,M,446,123202,80162,79450
1980,SALEM-II,DHANAMANNAR.M,N,IND,M,200,123202,80162,79450
1980,VEERAPANDI,VIJAYALAKSHMI.P,W,ADMK,F,51034,125608,89183,88061
1980,VEERAPANDI,SRINIVASAN. K.P,N,DMK,M,35061,125608,89183,88061
1980,VEERAPANDI,NALLATHAMBI.M.M,N,JNP(JP),M,1331,125608,89183,88061
1980,VEERAPANDI,THANGAVEL.T.K,N,IND,M,508,125608,89183,88061
1980,VEERAPANDI,ASOK KUMAR G.V.,N,IND,M,127,125608,89183,88061
1980,PANAMARATHUPATTY,RAJARAM.K,W,ADMK,M,44218,113432,78923,77238
1980,PANAMARATHUPATTY,SANTHANANTHAM.P. M,N,INC(I),M,31614,113432,78923,77238
1980,PANAMARATHUPATTY,ARUMUGAM.R,N,IND,M,747,113432,78923,77238
1980,PANAMARATHUPATTY,RAMALINGAM. K,N,IND,M,659,113432,78923,77238
1980,ATTUR,PALANIMUTHU. C,W,INC(I),M,38416,113439,73095,71886
1980,ATTUR,KANDASAMI. P,N,ADMK,M,31525,113439,73095,71886
1980,ATTUR,KANGANI.C.N,N,RPI,M,1945,113439,73095,71886
1980,TALAVASAL,RAJAMBAL. T.,W,INC(I),F,38217,131995,74433,72935
1980,TALAVASAL,DEVARAJAN. M.,N,ADMK,M,34718,131995,74433,72935
1980,RASIPURAM,RAMALINGAM.K. P,W,ADMK,M,49779,126614,86692,85463
1980,RASIPURAM,MUTHU. P.T.,N,DMK,M,34175,126614,86692,85463
1980,RASIPURAM,MNICKAM. T. S.,N,BJP,M,380,126614,86692,85463
1980,RASIPURAM,SUBBARAMANIYAM. A. K,N,IND,M,294,126614,86692,85463
1980,RASIPURAM,PERUMAL. K.,N,IND,M,246,126614,86692,85463
1980,RASIPURAM,RANGASAMY.P.,N,IND,M,232,126614,86692,85463
1980,RASIPURAM,MANICKAM.P.A.,N,IND,M,230,126614,86692,85463
1980,RASIPURAM,ATHIAPPAN. M.,N,IND,M,127,126614,86692,85463
1980,SENDAMANGALAM,SIVAPRAKASAM. S.,W,ADMK,M,37577,129835,70162,69020
1980,SENDAMANGALAM,VADAMA GOUNDER,N,INC(I),M,30543,129835,70162,69020
1980,SENDAMANGALAM,RAJAGOPAL.V.,N,IND,M,900,129835,70162,69020
1980,NAMAKKAL,ARUNACHALAM R.,W,ADMK,M,42850,134869,83743,82757
1980,NAMAKKAL,VELUSWAMY K.,N,DMK,M,38957,134869,83743,82757
1980,NAMAKKAL,ARJUNAN,N,IND,M,521,134869,83743,82757
1980,NAMAKKAL,KONDAN,N,IND,M,429,134869,83743,82757
1980,KAPILAMALAI,VELAPPAN C. V.,W,ADMK,M,39224,131117,88345,86948
1980,KAPILAMALAI,SENGOTTAIYAN.P.,N,INC(I),M,33823,131117,88345,86948
1980,KAPILAMALAI,PARAMASHIVAM.V. S.,N,JNP(JP),M,13032,131117,88345,86948
1980,KAPILAMALAI,MANI. A.,N,IND,M,869,131117,88345,86948
1980,TIRUCHENGODE,PONNAIYAN. C.,W,ADMK,M,69122,188698,126809,124904
1980,TIRUCHENGODE,KALIYANNAN. T. M.,N,INC(I),M,52046,188698,126809,124904
1980,TIRUCHENGODE,PALANIVEL. A.,N,IND,M,1193,188698,126809,124904
1980,TIRUCHENGODE,SUBRAMANIYAN N.,N,IND,M,968,188698,126809,124904
1980,TIRUCHENGODE,GANESAN. T. K.,N,IND,M,866,188698,126809,124904
1980,TIRUCHENGODE,SUBRAMANI.A.,N,IND,M,709,188698,126809,124904
1980,SANKARI ,DHANAPAL. P.,W,ADMK,M,45664,148309,82243,80666
1980,SANKARI ,VARADARAJAN. R.,N,DMK,M,33109,148309,82243,80666
1980,SANKARI ,KANDASAMY.R.,N,JNP(JP),M,1329,148309,82243,80666
1980,SANKARI ,MANICKAM.T. K.,N,IND,M,564,148309,82243,80666
1980,EDAPADI,GANESAN. I.,W,ADMK,M,37978,143256,98875,97554
1980,EDAPADI,NATARAJAN.T.,N,IND,M,32159,143256,98875,97554
1980,EDAPADI,SUBRAMANIA GOUNDER. K. S.,N,INC(I),M,17884,143256,98875,97554
1980,EDAPADI,ARTHANARI. R.,N,IND,M,4544,143256,98875,97554
1980,EDAPADI,JAYADERTAN. P.,N,JNP(JP),M,4112,143256,98875,97554
1980,EDAPADI,PERIYATHAMBI. C.,N,IND,M,403,143256,98875,97554
1980,EDAPADI,RAMASAMY. P.,N,IND,M,317,143256,98875,97554
1980,EDAPADI,LOGAVASIKARAN. A.,N,IND,M,157,143256,98875,97554
1980,METTUPALAYAM,PALANISAMY.S.,W,ADMK,M,48266,140096,83099,81860
1980,METTUPALAYAM,VIJAYAN.K.,N,INC(I),M,32311,140096,83099,81860
1980,METTUPALAYAM,PONNUSAMY. S. K.,N,IND,M,593,140096,83099,81860
1980,METTUPALAYAM,RAMASAMY. N. R.,N,IND,M,321,140096,83099,81860
1980,METTUPALAYAM,ARIVUDAINAMBI. K.,N,IND,M,233,140096,83099,81860
1980,METTUPALAYAM,THAIMALAISAMY.O.,N,IND,M,136,140096,83099,81860
1980,AVANASHI,ARUMUGAM. M.,W,CPI,M,33294,130646,62625,61409
1980,AVANASHI,PALANISAMY. S. N.,N,INC(I),M,23623,130646,62625,61409
1980,AVANASHI,PALANISAMY.K. P.,N,JNP(JP),M,4492,130646,62625,61409
1980,THONDAMUTHUR,CHINNARAJ,W,ADMK,M,57822,165819,102139,100495
1980,THONDAMUTHUR,MANICKKAVACHAGAM. R.,N,DMK,M,42673,165819,102139,100495
1980,SINGANALLUR,KULASEKAR.A. D.,W,DMK,M,44523,148591,99859,98582
1980,SINGANALLUR,VENKIDU ALIAS VENKATASAMY. R.,N,CPM,M,41302,148591,99859,98582
1980,SINGANALLUR,SADASIVAN. N. S.,N,JNP(JP),M,12032,148591,99859,98582
1980,SINGANALLUR,SIVASAMY,N,IND,M,452,148591,99859,98582
1980,SINGANALLUR,CHINNAKUTTY. R.,N,IND,M,273,148591,99859,98582
1980,COIMBATORE WEST,ARANGANAYAGAM.C.,W,ADMK,M,38061,134754,79658,78959
1980,COIMBATORE WEST,RAMANATHAN.M.,N,DMK,M,35634,134754,79658,78959
1980,COIMBATORE WEST,KRISHNAN.S.,N,JNP(JP),M,4909,134754,79658,78959
1980,COIMBATORE WEST,SYED MOHAMED.M. K.,N,IND,M,212,134754,79658,78959
1980,COIMBATORE WEST,RAJENDARAN.C. P.,N,IND,M,143,134754,79658,78959
1980,COIMBATORE EAST,RAMANI.K.,W,CPM,M,33666,140417,74845,74172
1980,COIMBATORE EAST,GANGA NAIR,N,INC(I),F,33533,140417,74845,74172
1980,COIMBATORE EAST,VENKATACHALAM. K. R.,N,JNP(JP),M,5406,140417,74845,74172
1980,COIMBATORE EAST,RAMANI KUMAR. G.,N,BJP,M,870,140417,74845,74172
1980,COIMBATORE EAST,MARUDACHALA.V.,N,IND,M,358,140417,74845,74172
1980,COIMBATORE EAST,NADAI MANNAN PARTHASARATHY. N.,N,IND,M,182,140417,74845,74172
1980,COIMBATORE EAST,ARUNAN.K.,N,IND,M,157,140417,74845,74172
1980,PERUR,KOVAITHAMBI,W,ADMK,M,47308,149766,99725,98486
1980,PERUR,NATARASAN.A.,N,DMK,M,46823,149766,99725,98486
1980,PERUR,PALANISAMI.E. M.,N,JNP(JP),M,4355,149766,99725,98486
1980,KINATHUKKADAVU,KANDASAMY. K. V.,W,ADMK,M,42822,118093,81786,79915
1980,KINATHUKKADAVU,DORAISWAMY. S. T.,N,INC(I),M,37093,118093,81786,79915
1980,POLLACHI,RATHINAM.M. V.,W,ADMK,M,52833,134946,94943,93334
1980,POLLACHI,KANNAPPAN.M.,N,DMK,M,39797,134946,94943,93334
1980,POLLACHI,KANNAIYAN.P.,N,IND,M,704,134946,94943,93334
1980,VALPARAI,KARUPPIAH. A. T.,W,CPI,M,46406,116974,83022,81658
1980,VALPARAI,KOVAI THANGAM,N,INC(I),M,33354,116974,83022,81658
1980,VALPARAI,KUPPUSWAMI.M.,N,IND,M,1670,116974,83022,81658
1980,VALPARAI,DETCHANAMOORTHY. V.,N,IND,M,228,116974,83022,81658
1980,UDUMALPET,KOLANDAIVELU.P.,W,ADMK,M,50570,134138,98410,96619
1980,UDUMALPET,MARIAPPAN.R. T.,N,DMK,M,46049,134138,98410,96619
1980,DHARAPURAM,PERIASAMY.A.,W,ADMK,M,43319,122884,78720,77285
1980,DHARAPURAM,PALANIAMMAL.V. P.,N,DMK,F,32887,122884,78720,77285
1980,DHARAPURAM,NAGARAJAN.K.,N,IND,M,542,122884,78720,77285
1980,DHARAPURAM,BALAKRISHNAN.A. K.,N,IND,M,332,122884,78720,77285
1980,DHARAPURAM,KRISHNAN.K.,N,IND,M,205,122884,78720,77285
1980,VELLAKOIL,RAMASAMI. D.,W,ADMK,M,56975,126161,92510,90972
1980,VELLAKOIL,NALLASENAPATHY SAKKARAI MANDRADIAR. N.,N,INC(I),M,32024,126161,92510,90972
1980,VELLAKOIL,NALLAMUTHU.N.,N,IND,M,1233,126161,92510,90972
1980,VELLAKOIL,LINGASAMY GOUNDER.K. N.,N,IND,M,740,126161,92510,90972
1980,PONGALUR,KANDASWAMY.P.,W,ADMK,M,40116,109334,69918,68370
1980,PONGALUR,BALASUBRAMANIAM.S. R.,N,INC(I),M,26420,109334,69918,68370
1980,PONGALUR,SINTHANAI THENDRAL. S.,N,IND,M,1834,109334,69918,68370
1980,PALLADAM,PARAMASIVA GOUNDER,W,ADMK,M,40305,128604,84714,83337
1980,PALLADAM,KUMARASAMY. K. N.,N,INC(I),M,32345,128604,84714,83337
1980,PALLADAM,RAMASWAMY.S.,N,JNP(JP),M,7861,128604,84714,83337
1980,PALLADAM,MUTHUSWAMY.A. P.,N,IND,M,2826,128604,84714,83337
1980,TIRUPPUR,MANIMARAN. R.,W,ADMK,M,63371,159871,112580,111215
1980,TIRUPPUR,MOHAN KANDASAMY ALIAS P. KANDASAMY GOUNDER,N,INC(I),M,39276,159871,112580,111215
1980,TIRUPPUR,VENKAT RAJ.S.,N,JNP(JP),M,7760,159871,112580,111215
1980,TIRUPPUR,PALANISAMMI.M.,N,IND,M,549,159871,112580,111215
1980,TIRUPPUR,VYAPURI MUDALIAR.P.,N,IND,M,259,159871,112580,111215
1980,KANGAYAM,KRISHNASWAMY.K. G.,W,ADMK,M,45950,126155,83177,81914
1980,KANGAYAM,SIVASABAPATHI. M.,N,DMK,M,34341,126155,83177,81914
1980,KANGAYAM,SUBBARAMANIAM.K. J.,N,IND,M,826,126155,83177,81914
1980,KANGAYAM,CHENNIAPPAN.C.,N,IND,M,471,126155,83177,81914
1980,KANGAYAM,MURUGESAN.P.,N,IND,M,326,126155,83177,81914
1980,MODAKURICHI,BALAKRISHNAN. S.,W,ADMK,M,56049,145802,97347,95526
1980,MODAKURICHI,GANESAMOORTHY.A.,N,DMK,M,38402,145802,97347,95526
1980,MODAKURICHI,BHARATI.M. S.,N,IND,M,578,145802,97347,95526
1980,MODAKURICHI,RANGASAMY. K. C.,N,IND,M,335,145802,97347,95526
1980,MODAKURICHI,ELACHIAPPAN.K.,N,IND,M,162,145802,97347,95526
1980,PERUNDURAI,NALLAPAN. T. K.,W,CPI,M,44210,129785,82006,80837
1980,PERUNDURAI,JAGANATHAN.N. K. P.,N,INC(I),M,32543,129785,82006,80837
1980,PERUNDURAI,GOPALAN.T. C.,N,JNP(JP),M,2183,129785,82006,80837
1980,PERUNDURAI,PALANIAPPAN,N,IND,M,895,129785,82006,80837
1980,PERUNDURAI,KUMARASAMY GOUNDER.T. N.,N,IND,M,742,129785,82006,80837
1980,PERUNDURAI,ARUMUGAM. S. S.,N,IND,M,264,129785,82006,80837
1980,ERODE,MUTHUSAMY.S.,W,ADMK,M,62342,175563,111480,110104
1980,ERODE,SAINATHAN.R.,N,INC(I),M,43839,175563,111480,110104
1980,ERODE,VARADHARASAN.K. V. V.,N,JNP(JP),M,2423,175563,111480,110104
1980,ERODE,KARUPPANAN.M. S.,N,IND,M,451,175563,111480,110104
1980,ERODE,BALAKRISHNAN. N.,N,IND,M,268,175563,111480,110104
1980,ERODE,KARUNAKARAN. C.,N,IND,M,257,175563,111480,110104
1980,ERODE,AYYAVOO. K.,N,IND,M,179,175563,111480,110104
1980,ERODE,SUBRAMANIAM.G. S.,N,IND,M,159,175563,111480,110104
1980,ERODE,CHAKHARAPANI.R.,N,IND,M,113,175563,111480,110104
1980,ERODE,SHANMUGASUNDARAM.A.,N,IND,M,73,175563,111480,110104
1980,BHAVANI,NARAYANAN.P. G.,W,ADMK,M,44152,119674,73679,72517
1980,BHAVANI,MADESWARAN. M. P. V.,N,INC(I),M,22926,119674,73679,72517
1980,BHAVANI,MANICKAM.N.,N,JNP(JP),M,4719,119674,73679,72517
1980,BHAVANI,CHITHA GOUNDER.E.,N,IND,M,720,119674,73679,72517
1980,ANDHIYUR,GURUSWAMY. P.,W,ADMK,M,34498,108662,61565,60462
1980,ANDHIYUR,VADIVEL.T. G.,N,DMK,M,20662,108662,61565,60462
1980,ANDHIYUR,KARUPPAN. M.,N,JNP(JP),M,4588,108662,61565,60462
1980,ANDHIYUR,MUTHUSAMY.T. P.,N,IND,M,714,108662,61565,60462
1980,GOBICHETTIPALAYAM,SENGOTTAYAN.K. A.,W,ADMK,M,44703,114861,76368,75278
1980,GOBICHETTIPALAYAM,SUBRAMANIAM.K. M.,N,INC(I),M,29690,114861,76368,75278
1980,GOBICHETTIPALAYAM,RAMASWAMY.K. N. K.,N,IND,M,622,114861,76368,75278
1980,GOBICHETTIPALAYAM,NACHIMUTHU. P. C.,N,IND,M,263,114861,76368,75278
1980,BHAVANISAGAR,SUBRAMANIAM.G. K.,W,ADMK,M,38557,121236,81368,79858
1980,BHAVANISAGAR,SAMPOORNAM SWAMYNATHAN,N,DMK,F,27852,121236,81368,79858
1980,BHAVANISAGAR,KARUPPUSWAMY.N. K.,N,JNP(JP),M,12778,121236,81368,79858
1980,BHAVANISAGAR,KULANTHYVAL.K. N.,N,IND,M,312,121236,81368,79858
1980,BHAVANISAGAR,NANJAN.P.,N,IND,M,197,121236,81368,79858
1980,BHAVANISAGAR,SEKAR.P. S.,N,IND,M,162,121236,81368,79858
1980,SATHYAMANGALAM,RANGASAMY.R.,W,ADMK,M,35096,113957,72021,70132
1980,SATHYAMANGALAM,RASAPPA.C. R.,N,INC(I),M,35036,113957,72021,70132
1980,COONOOR,RANGANATHAN. M.,W,DMK,M,34424,112613,61386,60555
1980,COONOOR,PERIASAMY. C.,N,ADMK,M,22756,112613,61386,60555
1980,COONOOR,MAHALIAPPAN. E. M.,N,JNP(JP),M,3217,112613,61386,60555
1980,COONOOR,BALASUBRAMANIAM. A.,N,IND,M,158,112613,61386,60555
1980,OOTACAMUND,KALLAN.K.,W,INC(I),M,35528,111534,69347,68560
1980,OOTACAMUND,GOPALAN.B.,N,ADMK,M,25628,111534,69347,68560
1980,OOTACAMUND,CHICKIAH. N.,N,JNP(JP),M,7184,111534,69347,68560
1980,OOTACAMUND,ADOLFAS MAYSON,N,IND,M,220,111534,69347,68560
1980,GUDALUR,HUTCHI.K.,W,DMK,M,36780,114612,64054,62990
1980,GUDALUR,NARAYANAN NAIR.M. S.,N,CPI,M,23636,114612,64054,62990
1980,GUDALUR,SUBRAMANIAM.R.,N,IND,M,2362,114612,64054,62990
1980,GUDALUR,BELLIE.A.,N,IND,M,212,114612,64054,62990
1980,PALANI,PALANIVEL.N.,W,CPM,M,41874,129839,79942,78830
1980,PALANI,MANI.S. R. P.,N,INC(I),M,35646,129839,79942,78830
1980,PALANI,CHANDRAN.R.,N,JNP(JP),M,1310,129839,79942,78830
1980,ODDANCHATRAM,KUPPUSWAMY.K.,W,ADMK,M,35269,131378,79193,77922
1980,ODDANCHATRAM,PALANISWAMY.S. K.,N,INC(I),M,23882,131378,79193,77922
1980,ODDANCHATRAM,PALANIYAPPAN.A. P.,N,IND,M,18480,131378,79193,77922
1980,ODDANCHATRAM,MARYAPPA GOUNDER.V. S.,N,IND,M,291,131378,79193,77922
1980,PERIYAKULAM,GOPALAKRISHNAN. K.,W,ADMK,M,43774,126755,82116,81051
1980,PERIYAKULAM,SHEIK ABDUL KADER.K.,N,INC(I),M,34938,126755,82116,81051
1980,PERIYAKULAM,KAMATCHI. R.,N,JNP(JP),M,1149,126755,82116,81051
1980,PERIYAKULAM,PALANICHAMY.K.,N,IND,M,640,126755,82116,81051
1980,PERIYAKULAM,SUBBIAH.M.,N,IND,M,330,126755,82116,81051
1980,PERIYAKULAM,RAMU.S.,N,IND,M,220,126755,82116,81051
1980,THENI,JEYARAMAN. V. R.,W,ADMK,M,51534,132271,94327,92949
1980,THENI,ALAGAR RAJA. N. R.,N,INC(I),M,41415,132271,94327,92949
1980,BODINAYAKKANUR,SUBRAMANIAN.K. M. S.,W,ADMK,M,50972,131024,86259,85275
1980,BODINAYAKKANUR,RAMACHANDRAN.K. S. M.,N,INC(I),M,34013,131024,86259,85275
1980,BODINAYAKKANUR,MUTHIAH PILLAI. M. R.,N,IND,M,290,131024,86259,85275
1980,CUMBUM,GOPALAN.R. T.,W,ADMK,M,47577,131390,97743,96696
1980,CUMBUM,CUMBUM MAHANDIRAN. A.K.,N,DMK,M,35395,131390,97743,96696
1980,CUMBUM,CHANDRASEKARAN. P.K.R,N,IND,M,12800,131390,97743,96696
1980,CUMBUM,CHETTIAR.M.S. PONNU,N,IND,M,386,131390,97743,96696
1980,CUMBUM,KAMUTHURAI.S.,N,IND,M,365,131390,97743,96696
1980,CUMBUM,SURULIVELU.K.,N,IND,M,173,131390,97743,96696
1980,ANDIPATTI,RAJENDRAN. S. S.,W,ADMK,M,44490,126984,75545,74415
1980,ANDIPATTI,KANDASAMY. K.,N,INC(I),M,16508,126984,75545,74415
1980,ANDIPATTI,GURUSAMY.N. V.,N,JNP(JP),M,9889,126984,75545,74415
1980,ANDIPATTI,VETRIVENTHAN. A.,N,IND,M,3073,126984,75545,74415
1980,ANDIPATTI,MUTHUSAMY.S.,N,IND,M,455,126984,75545,74415
1980,SEDAPATTI,MUTHIAH.R.,W,ADMK,M,42012,118078,71286,70169
1980,SEDAPATTI,THANGARASAN.R. S.,N,DMK,M,28157,118078,71286,70169
1980,THIRUMANGALAM,CHITTHAN.N. S. V.,W,INC(I),M,35181,117383,76864,75766
1980,THIRUMANGALAM,PERUMAL.A. R.,N,FBL,M,31679,117383,76864,75766
1980,THIRUMANGALAM,INGARSAL.K. A.,N,JNP(JP),M,8033,117383,76864,75766
1980,THIRUMANGALAM,KRISHNAN.S.,N,IND,M,873,117383,76864,75766
1980,USILAMPATTI,ANDI THEVAR. S.,W,FBL,M,33857,122773,72102,71029
1980,USILAMPATTI,MUTHURAMALINGAM. P. K. M.,N,IND,M,21534,122773,72102,71029
1980,USILAMPATTI,SANTHANA THEVAR. L.,N,DMK,M,15033,122773,72102,71029
1980,USILAMPATTI,KARUTHA PANDIAN.T. K.,N,IND,M,605,122773,72102,71029
1980,NILAKOTTAI,PONNAMMAL. A. S.,W,IND,F,48892,123442,80581,79372
1980,NILAKOTTAI,MANIVASAGAM.A.,N,DMK,M,30480,123442,80581,79372
1980,SHOLAVANDAN,CHANDRASEKARAN.A.,W,INC(I),M,41720,114795,84264,82975
1980,SHOLAVANDAN,MANIAN. P. S.,N,ADMK,M,41255,114795,84264,82975
1980,THIRUPARANKUNDRAM,KALIMUTHU.K.,W,ADMK,M,61247,161546,102199,101180
1980,THIRUPARANKUNDRAM,SEENI THEVAR.P.,N,DMK,M,38740,161546,102199,101180
1980,THIRUPARANKUNDRAM,KRISHNAN. J. S. (JANAKI),N,IND,M,658,161546,102199,101180
1980,THIRUPARANKUNDRAM,SUNDA THEVAR. P.,N,IND,M,260,161546,102199,101180
1980,THIRUPARANKUNDRAM,SAMBASIVAN.U.,N,IND,M,176,161546,102199,101180
1980,THIRUPARANKUNDRAM,SRINIVASA NAYUDU.A.,N,IND,M,99,161546,102199,101180
1980,MADURAI WEST,RAMACHANDRAN.M. G.,W,ADMK,M,57019,152756,96495,95646
1980,MADURAI WEST,MUTHURAMALINGAM.PON.,N,DMK,M,35953,152756,96495,95646
1980,MADURAI WEST,KAMARAJ.A. C.,N,JNP(JP),M,2178,152756,96495,95646
1980,MADURAI WEST,MYANDI. S.,N,IND,M,130,152756,96495,95646
1980,MADURAI WEST,SUBBURASU.K. U.,N,IND,M,124,152756,96495,95646
1980,MADURAI WEST,"VELSAMY NADAR, V. M. S.",N,IND,M,123,152756,96495,95646
1980,MADURAI WEST,KRISHNAN.J. S.,N,IND,M,119,152756,96495,95646
1980,MADURAI CENTRAL,NEDUMARAN.P.,W,IND,M,45700,133812,79199,78617
1980,MADURAI CENTRAL,PALANIVEL RAJAN.P. T. R.,N,DMK,M,31566,133812,79199,78617
1980,MADURAI CENTRAL,SESHACHARI . R. V.,N,BJP,M,1077,133812,79199,78617
1980,MADURAI CENTRAL,KRISHNAN J. S. (JANAKI),N,IND,M,121,133812,79199,78617
1980,MADURAI CENTRAL,KARUTHAPANDIAN.T.K.,N,IND,M,78,133812,79199,78617
1980,MADURAI CENTRAL,NARAYANASAMY. S.,N,IND,M,75,133812,79199,78617
1980,MADURAI EAST,SANKARIAH.N.,W,CPM,M,36862,132153,75348,74701
1980,MADURAI EAST,RAMAMOORTHY. M. A.,N,INC(I),M,30923,132153,75348,74701
1980,MADURAI EAST,RAMAMOORTHY. N. S.,N,JNP(JP),M,5647,132153,75348,74701
1980,MADURAI EAST,LAKSHMANAN. O. K. (OBULA),N,IND,M,382,132153,75348,74701
1980,MADURAI EAST,(JANAKT) KRISHNAN. J. S.,N,IND,M,343,132153,75348,74701
1980,MADURAI EAST,RAJARAM.S. N.,N,IND,M,238,132153,75348,74701
1980,MADURAI EAST,MUTHURAM. L. K. T.,N,IND,M,153,132153,75348,74701
1980,MADURAI EAST,B. SRIDHARAN (THORALI),N,IND,M,96,132153,75348,74701
1980,MADURAI EAST,ABDULLAH.M.,N,IND,M,57,132153,75348,74701
1980,SAMAYANALLUR,BALUCHAMY.A.,W,ADMK,M,50612,152150,95389,94410
1980,SAMAYANALLUR,SUBASHCHANDRA BOSE. P.,N,DMK,M,42958,152150,95389,94410
1980,SAMAYANALLUR,CHINNAPPAN.M.,N,IND,M,303,152150,95389,94410
1980,SAMAYANALLUR,RAKKAN,N,IND,M,284,152150,95389,94410
1980,SAMAYANALLUR,MUNIYANDI.K.,N,IND,M,253,152150,95389,94410
1980,MELUR,VEERANAMBALAM.K. V.,W,INC(I),M,54003,137381,100156,98912
1980,MELUR,PARAMASIVAN.A. M.,N,ADMK,M,41849,137381,100156,98912
1980,MELUR,KRISHNAN.J. S.,N,IND,M,1356,137381,100156,98912
1980,MELUR,RAMU.N.,N,IND,M,686,137381,100156,98912
1980,MELUR,AYYAVU.A.,N,IND,M,516,137381,100156,98912
1980,MELUR,RAMAMURTHY.V.,N,IND,M,502,137381,100156,98912
1980,NATHAM,ANDI AMBALAM.M.,W,INC(I),M,36859,117138,71405,70261
1980,NATHAM,ALAGARSAMY.T.,N,IND,M,32471,117138,71405,70261
1980,NATHAM,SOMASUNDARAM.A.,N,IND,M,509,117138,71405,70261
1980,NATHAM,MANICKAM.C.,N,IND,M,422,117138,71405,70261
1980,DINDIGUL,VARADARAJAN.N.,W,IND,M,55195,158089,101523,100547
1980,DINDIGUL,ABDUL KHADER.N.,N,INC(I),M,43676,158089,101523,100547
1980,DINDIGUL,PITCHAIMUTHU.V.,N,IND,M,674,158089,101523,100547
1980,DINDIGUL,MUSTHAFA.P. M.,N,IND,M,589,158089,101523,100547
1980,DINDIGUL,MUTHUKRISHNAN.S.,N,IND,M,413,158089,101523,100547
1980,ATHOOR,VELLAISAMY.A.,W,ADMK,M,55359,153445,96498,95171
1980,ATHOOR,RAJAMBAL,N,DMK,F,38990,153445,96498,95171
1980,ATHOOR,PANNEER SELVAM ODAYAR.P.,N,IND,M,507,153445,96498,95171
1980,ATHOOR,PALANICHAMY.R.,N,IND,M,315,153445,96498,95171
1980,VEDASANDUR,BALASUBRAMANIAN. V. P.,W,ADMK,M,58128,156681,92832,90985
1980,VEDASANDUR,RAJU.G. P. V.,N,INC(I),M,32857,156681,92832,90985
1980,ARAVAKURICHI,SENNIMALAI ALIAS KANDAHSAMY P. S.,W,ADMK,M,45145,135591,88452,87482
1980,ARAVAKURICHI,SHANMUGAM. K.,N,INC(I),M,40233,135591,88452,87482
1980,ARAVAKURICHI,SHANMUGAM. K. L. I. M.,N,IND,M,1125,135591,88452,87482
1980,ARAVAKURICHI,RAMAN.S.,N,IND,M,979,135591,88452,87482
1980,KARUR,CHINNASAMY.M.,W,ADMK,M,54331,151461,107841,106981
1980,KARUR,NALLASAMY. S.,N,DMK,M,46025,151461,107841,106981
1980,KARUR,SIVASAMY. P.,N,JNP(JP),M,5465,151461,107841,106981
1980,KARUR,NATESAN.N.,N,IND,M,828,151461,107841,106981
1980,KARUR,APPAVOO. M.,N,IND,M,332,151461,107841,106981
1980,KRISHNARAYAPURAM,THANGAVELRAJ.P. M.,W,INC(I),M,43623,125588,79827,78847
1980,KRISHNARAYAPURAM,RENGARAJU. O.,N,ADMK,M,34584,125588,79827,78847
1980,KRISHNARAYAPURAM,SANNASI.M.,N,IND,M,640,125588,79827,78847
1980,MARUNGAPURI,RAJ KUMAR.M. A.,W,ADMK,M,32021,116714,77143,76282
1980,MARUNGAPURI,RAMANATHAN.V.,N,INC(I),M,28444,116714,77143,76282
1980,MARUNGAPURI,VAIRAMANI GOUNDER. N.,N,IND,M,14013,116714,77143,76282
1980,MARUNGAPURI,ANDI.K.,N,IND,M,1271,116714,77143,76282
1980,MARUNGAPURI,ABDUL HUSSAN.P. K. M.,N,IND,M,533,116714,77143,76282
1980,KULITHALAI,KARUPPAIAH. R.,W,CPI,M,44525,120320,85017,84072
1980,KULITHALAI,SRINIVASA REDDIAR. P. E.,N,INC(I),M,36336,120320,85017,84072
1980,KULITHALAI,PERIASAMY.C.,N,IND,M,2737,120320,85017,84072
1980,KULITHALAI,MUTHUSAMY POOSARI. T.,N,IND,M,474,120320,85017,84072
1980,THOTTIAM,PERIASAMI.R.,W,INC(I),M,37426,121278,88181,87268
1980,THOTTIAM,JAYARAJ. T. P. K.,N,IND,M,37119,121278,88181,87268
1980,THOTTIAM,SHANMUGASUNDARAM. K. M.,N,IND,M,11497,121278,88181,87268
1980,THOTTIAM,MUSIRI MASILAMANI,N,IND,M,524,121278,88181,87268
1980,THOTTIAM,ONTHACHI PILLAI.P.,N,IND,M,427,121278,88181,87268
1980,THOTTIAM,KANNAIYAN.V. K.,N,IND,M,275,121278,88181,87268
1980,UPPILIAPURAM,ARENGARAJAN. V.,W,ADMK,M,43263,128076,88643,87465
1980,UPPILIAPURAM,PALANIMUTHU.R.,N,INC(I),M,40997,128076,88643,87465
1980,UPPILIAPURAM,PERUMAL. K.,N,JNP(JP),M,1751,128076,88643,87465
1980,UPPILIAPURAM,PERUMAL.O. K.,N,IND,M,1121,128076,88643,87465
1980,UPPILIAPURAM,RAMARAJU.A.,N,IND,M,333,128076,88643,87465
1980,MUSIRI,RAJAMANICKAM.M. K.,W,ADMK,M,53697,135272,104678,102868
1980,MUSIRI,NATARAJAN.R.,N,DMK,M,49171,135272,104678,102868
1980,LALGUDI,ANBIL DHARMALINGAM,W,DMK,M,40899,130260,100892,99995
1980,LALGUDI,SWAMICKAN. A.,N,IND,M,38099,130260,100892,99995
1980,LALGUDI,GANGADHARAN.R.,N,IND,M,16016,130260,100892,99995
1980,LALGUDI,PERUMAL. A. K.,N,IND,M,4981,130260,100892,99995
1980,PERAMBALUR,RAJU.J. S.,W,DMK,M,28680,121376,70968,69977
1980,PERAMBALUR,ANGAMUTHU. M.,N,ADMK,M,24224,121376,70968,69977
1980,PERAMBALUR,VADIVELU.K.,N,IND,M,16155,121376,70968,69977
1980,PERAMBALUR,PALANIMUTHU.M.,N,JNP(JP),M,529,121376,70968,69977
1980,PERAMBALUR,VEPPANTHATAI MATESAN.V.,N,IND,M,389,121376,70968,69977
1980,VARAHUR,PERUMAL.N.,W,ADMK,M,39476,117112,75094,74110
1980,VARAHUR,CHINNAIAN.P.,N,INC(I),M,33277,117112,75094,74110
1980,VARAHUR,"KATHAMUTHU,.P.",N,JNP(JP),M,921,117112,75094,74110
1980,VARAHUR,GANAPATHI.M.,N,IND,M,436,117112,75094,74110
1980,ARIYALUR,ARUMUGAM.T.,W,DMK,M,45980,116590,88716,87531
1980,ARIYALUR,ASOKAN.,N,ADMK,M,36776,116590,88716,87531
1980,ARIYALUR,ARAMIRDHAM. A. S.,N,IND,M,3695,116590,88716,87531
1980,ARIYALUR,GANESAN.A.,N,IND,M,738,116590,88716,87531
1980,ARIYALUR,MURUGESAN. K.,N,IND,M,342,116590,88716,87531
1980,ANDIMADAM,KRISHNAMOORTHY.S.,W,ADMK,M,36120,101568,72601,71532
1980,ANDIMADAM,SIVASUBRAMANIAN.S.,N,DMK,M,35412,101568,72601,71532
1980,JAYANKONDAM,THANGAVELU.P.,W,INC(I),M,39862,118164,88026,87102
1980,JAYANKONDAM,SELVARAJAN. T.,N,ADMK,M,34955,118164,88026,87102
1980,JAYANKONDAM,KARUNAMURTHI. V.,N,IND,M,11512,118164,88026,87102
1980,JAYANKONDAM,ERAJALAKSHIMI ERA,N,IND,F,773,118164,88026,87102
1980,SRIRANGAM,SOUNDARARAJAN. R.,W,ADMK,M,49160,129664,93051,91921
1980,SRIRANGAM,SWAMINATHAN.V.,N,INC(I),M,42761,129664,93051,91921
1980,TIRUCHIRAPALLI-I,MUSIRI PUTTHAN.P.,W,ADMK,M,35361,105277,71693,71182
1980,TIRUCHIRAPALLI-I,KRISHNAMURTHI.A. V.,N,DMK,M,33183,105277,71693,71182
1980,TIRUCHIRAPALLI-I,SUBRAMANIAN.N.,N,JNP(JP),M,1878,105277,71693,71182
1980,TIRUCHIRAPALLI-I,KATHAPERUMAL. P.,N,IND,M,565,105277,71693,71182
1980,TIRUCHIRAPALLI-I,SELVANATHAN.M. J.,N,IND,M,195,105277,71693,71182
1980,TIRUCHIRAPALLI-II,SOUNDARARAJAN. K.,W,ADMK,M,43029,125957,78400,77496
1980,TIRUCHIRAPALLI-II,KADER MOHIDEEN.M. K.,N,IND,M,34467,125957,78400,77496
1980,THIRUVERAMBUR,GURUSAMY ALIAS ANNADASAN. N.,W,ADMK,M,51012,133342,91442,90703
1980,THIRUVERAMBUR,MURUGESAN. K. S.,N,DMK,M,39047,133342,91442,90703
1980,THIRUVERAMBUR,THINAKARAN. K.,N,IND,M,644,133342,91442,90703
1980,SIRKALI,BALASUBRAMANIAN. K.,W,ADMK,M,49334,116654,86875,85388
1980,SIRKALI,SUBRAVELU.K.,N,DMK,M,36054,116654,86875,85388
1980,POOMPUHAR,VIJAYABALAN.N.,W,ADMK,M,45292,109786,86389,84879
1980,POOMPUHAR,GANESAN.S.,N,DMK,M,39587,109786,86389,84879
1980,MAYURAM,KITTAPPA.N.,W,DMK,M,37671,109869,78001,77045
1980,MAYURAM,BALA VELAYUTHAM,N,ADMK,M,37001,109869,78001,77045
1980,MAYURAM,ANBALAGAN. K. P.,N,IND,M,1724,109869,78001,77045
1980,MAYURAM,SANTHANAM.S.,N,IND,M,649,109869,78001,77045
1980,KUTTALAM,RAJAMANICKAMR.,W,DMK,M,44254,112552,83980,82892
1980,KUTTALAM,VEERAIYAN.G.,N,CPM,M,33364,112552,83980,82892
1980,KUTTALAM,IDUMPAIYAN.R.,N,IND,M,5274,112552,83980,82892
1980,NANNILAM,KALAIARASAN.A.,W,ADMK,M,44829,115349,85897,85013
1980,NANNILAM,MANIMARAN.M.,N,DMK,M,39689,115349,85897,85013
1980,NANNILAM,BALASUNDARAM. K.,N,IND,M,495,115349,85897,85013
1980,TIRUVARUR,SELLAMUTHU.M.,W,CPM,M,45557,121907,91547,90786
1980,TIRUVARUR,KUPPUSAMY KOVI,N,DMK,M,43959,121907,91547,90786
1980,TIRUVARUR,PANNERSELVAM.G. ( MANALI NETHAJI),N,JNP(JP),M,1270,121907,91547,90786
1980,NAGAPATTINAM,UMANATH.R.,W,CPM,M,44105,112499,86729,85843
1980,NAGAPATTINAM,RAMANATHA THEVAR.S. S. R.,N,INC(I),M,41738,112499,86729,85843
1980,VEDARANYAM,"MANICKAM, M. S.",W,ADMK,M,52311,107177,86593,85955
1980,VEDARANYAM,"MEENATCHISUNDARAM, M.",N,DMK,M,32656,107177,86593,85955
1980,VEDARANYAM,"SUBRAMANIA GOUNDER, K. V. M.",N,JNP(JP),M,988,107177,86593,85955
1980,THIRUTHURAIPOONDI,UTHIRAPATHI.P.,W,CPM,M,62051,127669,102254,101396
1980,THIRUTHURAIPOONDI,VEDAIYAN.V.,N,INC(I),M,39345,127669,102254,101396
1980,MANNARGUDI,AMBIKAPATHY.M.,W,CPI,M,51818,121083,92778,91996
1980,MANNARGUDI,GOPALASAMY THENKONDAR M.,N,INC(I),M,33496,121083,92778,91996
1980,MANNARGUDI,KUNCHITHAPATHAM.K.,N,IND,M,5895,121083,92778,91996
1980,MANNARGUDI,VEERAIYA THEVAR.P.,N,JNP(JP),M,787,121083,92778,91996
1980,PATTUKKOTTAI,SOMASUNDARAM.S. D.,W,ADMK,M,52900,119533,97072,96249
1980,PATTUKKOTTAI,MARIMUTHU.A. R.,N,INC(I),M,42302,119533,97072,96249
1980,PATTUKKOTTAI,MATHIVANAN. N.,N,JNP(JP),M,1047,119533,97072,96249
1980,PERAVURANI,GOVENDAN.M. R.,W,ADMK,M,56010,115008,96904,95643
1980,PERAVURANI,PALANIVEL.A.,N,INC(I),M,39633,115008,96904,95643
1980,ORATHANAD,VEERASWAMY. T.,W,INC(I),M,47021,121363,93769,93047
1980,ORATHANAD,THAILAPPAN.T. M.,N,ADMK,M,45402,121363,93769,93047
1980,ORATHANAD,KUPPUSAMY. T.,N,IND,M,624,121363,93769,93047
1980,THIRUVONAM,SIVAGNANAM.N.,W,INC(I),M,44748,118707,91518,90663
1980,THIRUVONAM,DURAI GOVINDARAJAN,N,ADMK,M,44686,118707,91518,90663
1980,THIRUVONAM,SAMBANDAM.D.,N,IND,M,1229,118707,91518,90663
1980,THANJAVUR,NATARAJAN.S.,W,DMK,M,40880,128484,81691,80781
1980,THANJAVUR,RAMAMURTHY.A..,N,IND,M,39901,128484,81691,80781
1980,TIRUVAIYARU,SUBRAMANIAN.M.,W,ADMK,M,42636,110334,78156,77322
1980,TIRUVAIYARU,ELANGOVAN.G.,N,DMK,M,32967,110334,78156,77322
1980,TIRUVAIYARU,SALIAMANGALAM KAVIGNAR KULUMAIYAN.V.,N,IND,M,810,110334,78156,77322
1980,TIRUVAIYARU,SWAYAMPRAKASAM.S.,N,IND,M,701,110334,78156,77322
1980,TIRUVAIYARU,SUNDARARAJAN. V.,N,IND,M,208,110334,78156,77322
1980,PAPANASAM,RAJARAMAN.S.,W,INC(I),M,36101,106374,72529,71766
1980,PAPANASAM,NARAYANASWAMY GOVI,N,ADMK,M,33152,106374,72529,71766
1980,PAPANASAM,SOUNDARARAJAN.R. V.,N,IND,M,831,106374,72529,71766
1980,PAPANASAM,NAGARAJA MOOPANAR.D.,N,IND,M,698,106374,72529,71766
1980,PAPANASAM,SAKKARAI ALIAS GNANA PRAKASAM. V.,N,JNP(JP),M,560,106374,72529,71766
1980,PAPANASAM,SELVARAJU.U.,N,IND,M,260,106374,72529,71766
1980,PAPANASAM,RAJA MOHAMMED.P. K.,N,IND,M,164,106374,72529,71766
1980,VALANGIMAN,GOMATHY,W,ADMK,F,40667,100415,73087,72479
1980,VALANGIMAN,CHELLAPPA.A.,N,DMK,M,29502,100415,73087,72479
1980,VALANGIMAN,SRINIVASAN. A.,N,IND,M,1967,100415,73087,72479
1980,VALANGIMAN,KANNUSAMY. S. K.,N,JNP(JP),M,343,100415,73087,72479
1980,KUMBAKONAM,PAKEER MOHAMED. E. S. M.,W,INC(I),M,45038,118130,81577,80453
1980,KUMBAKONAM,ERADHA.S. R.,N,ADMK,M,35415,118130,81577,80453
1980,THIRUVIDAMARUDUR,RAMALINGAM.S.,W,DMK,M,46943,118003,89468,88054
1980,THIRUVIDAMARUDUR,RAJAMANIEKAM.K.,N,ADMK,M,41111,118003,89468,88054
1980,THIRUMAYAM,SUNDARARAJ.N..,W,INC(I),M,39479,123324,87342,86344
1980,THIRUMAYAM,PULAVAR PONNAMBALAM,N,ADMK,M,39256,123324,87342,86344
1980,THIRUMAYAM,SEENIVASAN. S.,N,IND,M,7609,123324,87342,86344
1980,KOLATHUR,MARIMUTHU. T.,W,ADMK,M,50810,127362,89868,88754
1980,KOLATHUR,THAMIZHSELVAN. A. KEERAI.,N,DMK,M,37200,127362,89868,88754
1980,KOLATHUR,RAMASAMY.A. E.,N,IND,M,417,127362,89868,88754
1980,KOLATHUR,RASU. G.,N,IND,M,327,127362,89868,88754
1980,PUDUKKOTTAI,RAJKUMAR VIJAYA REGUNATHA THONDAIMAN,W,INC(I),M,47660,130814,96889,95877
1980,PUDUKKOTTAI,SUBBIAH. K. R.,N,CPI,M,46387,130814,96889,95877
1980,PUDUKKOTTAI,CHIDAMBARAM.R.,N,IND,M,708,130814,96889,95877
1980,PUDUKKOTTAI,KUTTAYAN.V.,N,IND,M,700,130814,96889,95877
1980,PUDUKKOTTAI,SHAHUL HAMEED.S.,N,IND,M,422,130814,96889,95877
1980,ALANGUDI,THIRUMARAN.P.,W,ADMK,M,59206,132592,108046,107011
1980,ALANGUDI,PUSHPARAJU.T.,N,INC(I),M,44605,132592,108046,107011
1980,ALANGUDI,BALAKRISHNAN.A.,N,IND,M,2296,132592,108046,107011
1980,ALANGUDI,M. KOLANDAICHAMY,N,IND,M,530,132592,108046,107011
1980,ALANGUDI,MATHINIRAISELVAN. M.,N,IND,M,374,132592,108046,107011
1980,ARANTANGI,THIRUNAVUKKARASU.S.,W,ADMK,M,50792,136966,103790,102604
1980,ARANTANGI,MOHAMED MASHOOD.M.,N,IND,M,36519,136966,103790,102604
1980,ARANTANGI,RAMANATHAN.C.,N,IND,M,8769,136966,103790,102604
1980,ARANTANGI,MUTHIAH ALLIAS PAPPA N.,N,JNP(JP),M,4388,136966,103790,102604
1980,ARANTANGI,KARUPPIAH MUTHIRAIYAR MANDANGUDI.M.,N,IND,M,1477,136966,103790,102604
1980,ARANTANGI,MANI.K. M. P.,N,IND,M,485,136966,103790,102604
1980,ARANTANGI,VIYAZAR.R.,N,IND,M,174,136966,103790,102604
1980,TIRUPPATTUR,VALMIGI.V.,W,INC(I),M,34342,116068,82778,81776
1980,TIRUPPATTUR,MADHAVAN. S.,N,IND,M,20116,116068,82778,81776
1980,TIRUPPATTUR,SHANMUGAM KOOTHAKUDI.S.,N,CPI,M,18141,116068,82778,81776
1980,TIRUPPATTUR,SAMIAPPAN ALIAS ANDIAPPAN,N,IND,M,8199,116068,82778,81776
1980,TIRUPPATTUR,VALLANATTAN.A.,N,IND,M,696,116068,82778,81776
1980,TIRUPPATTUR,VIRABHATHIRAN.A.,N,IND,M,282,116068,82778,81776
1980,KARAIKUDI,CHIDAMBARAM. C. T.,W,DMK,M,46541,133753,90895,89886
1980,KARAIKUDI,KALIAPPAN.P.,N,ADMK,M,42648,133753,90895,89886
1980,KARAIKUDI,ALAGAPPAN.R. M.,N,IND,M,697,133753,90895,89886
1980,TIRUVADANAI,ANGUCHAMY.S.,W,ADMK,M,34392,136737,91454,90601
1980,TIRUVADANAI,RAMANATHAN THEVAR.A. T. M.,N,INC(I),M,32406,136737,91454,90601
1980,TIRUVADANAI,ARUMUGAM.N.,N,IND,M,16578,136737,91454,90601
1980,TIRUVADANAI,SAVARIMUTHU UDAYARI.S. M.,N,JNP(JP),M,7225,136737,91454,90601
1980,ILAYANGUDI,SIVASAMY. S.,W,CPI,M,34437,109607,74799,74048
1980,ILAYANGUDI,MALAIKKANNAN. V.,N,DMK,M,34381,109607,74799,74048
1980,ILAYANGUDI,KALIMUTHANM. P.,N,IND,M,3343,109607,74799,74048
1980,ILAYANGUDI,SUBRAMANIAN.R.,N,IND,M,1342,109607,74799,74048
1980,ILAYANGUDI,SEENIPPULAVAR.N. N. K.,N,IND,M,545,109607,74799,74048
1980,SIVAGANGA,SUBRAMANIAN.O.,W,INC(I),M,41327,116688,73360,72579
1980,SIVAGANGA,NATARAJASAMY.N.,N,IND,M,29875,116688,73360,72579
1980,SIVAGANGA,MUTHUSAMY BHARATHI,N,IND,M,847,116688,73360,72579
1980,SIVAGANGA,KALLA KONTAN.V.,N,IND,M,530,116688,73360,72579
1980,MANAMADURAI,PARAMALAI. K.,W,IND,M,38435,118672,76938,76077
1980,MANAMADURAI,KRISHNAN. U.,N,INC(I),M,36824,118672,76938,76077
1980,MANAMADURAI,RAMASAMY. R. P.,N,IND,M,507,118672,76938,76077
1980,MANAMADURAI,UGRAPANDIAN.K.,N,IND,M,311,118672,76938,76077
1980,PARAMAKUDI,THAVASI. R.,W,ADMK,M,43710,123848,81515,80616
1980,PARAMAKUDI,ELAMARAN.A.,N,DMK,M,34876,123848,81515,80616
1980,PARAMAKUDI,KAIRASI PANDIAN.V.,N,IND,M,1298,123848,81515,80616
1980,PARAMAKUDI,GOVINDAN.V.,N,IND,M,383,123848,81515,80616
1980,PARAMAKUDI,SELVARAJ. K. K. A. S.,N,IND,M,349,123848,81515,80616
1980,RAMANATHAPURAM,RAMASAMY.T.,W,ADMK,M,46987,121008,82423,81527
1980,RAMANATHAPURAM,ZEENATH SHERIFFDEEN,N,INC(I),F,32755,121008,82423,81527
1980,RAMANATHAPURAM,SAHUL HAMEED Y.,N,JNP(JP),M,990,121008,82423,81527
1980,RAMANATHAPURAM,KALLIAPPAN S.,N,IND,M,343,121008,82423,81527
1980,RAMANATHAPURAM,PANAI MAN.A.,N,IND,M,292,121008,82423,81527
1980,RAMANATHAPURAM,YEDAVALLI BALASUBRAMANYA SASTRI,N,IND,M,160,121008,82423,81527
1980,KADALADI,"SATHIAMOORTHY, S.",W,ADMK,M,40246,138693,79329,78284
1980,KADALADI,"ABDUL CADIR, T. S. O.",N,IND,M,37010,138693,79329,78284
1980,KADALADI,"SUBRAMANIAN, R. C.",N,IND,M,603,138693,79329,78284
1980,KADALADI,"DORAIRAJ, V.",N,IND,M,250,138693,79329,78284
1980,KADALADI,"MARUTHASAMY, K.",N,IND,M,175,138693,79329,78284
1980,MUDUKULATHUR,"DHANUKKODI THEVAR,K.",W,IND,M,42711,134626,84084,83043
1980,MUDUKULATHUR,"BALAKRISHNAN, S.",N,INC(I),M,37175,134626,84084,83043
1980,MUDUKULATHUR,"RAMAN, E.",N,IND,M,1790,134626,84084,83043
1980,MUDUKULATHUR,"MADANA MEE RA, T. K. S.",N,IND,M,1117,134626,84084,83043
1980,MUDUKULATHUR,"VEERAVAIDIYANATHAN, M. S.",N,IND,M,250,134626,84084,83043
1980,ARUPPUKOTTAI,"PITUHAI, M.",W,ADMK,M,42589,116985,80387,79347
1980,ARUPPUKOTTAI,"THANGAPANDIAN, V.",N,DMK,M,30904,116985,80387,79347
1980,ARUPPUKOTTAI,"KARUPPIAH, K.",N,IND,M,4742,116985,80387,79347
1980,ARUPPUKOTTAI,"PALANI KUDUMBAN, K.",N,IND,M,507,116985,80387,79347
1980,ARUPPUKOTTAI,"KARALAN, K.",N,IND,M,318,116985,80387,79347
1980,ARUPPUKOTTAI,"JAWAHAR, K.",N,IND,M,157,116985,80387,79347
1980,ARUPPUKOTTAI,"RAMASAMY, P.",N,IND,M,130,116985,80387,79347
1980,SATTUR,"RAMACHANDRAN, K. K. SS. R.",W,ADMK,M,54720,136299,100402,99314
1980,SATTUR,"SAUDI SUNDARA BARATI, S.",N,DMK,M,43795,136299,100402,99314
1980,SATTUR,"ALAGHU SUNDARAM, A.",N,IND,M,215,136299,100402,99314
1980,SATTUR,"KULANTHAIVEL, M.",N,IND,M,202,136299,100402,99314
1980,SATTUR,"LAKSHMANA SUBBRAJULU, G.",N,IND,M,171,136299,100402,99314
1980,SATTUR,"JAGANATHAN, A.",N,IND,M,124,136299,100402,99314
1980,SATTUR,"JAGANATHAN, S.",N,IND,M,87,136299,100402,99314
1980,VIRUDHUNAGAR,"SUNDARARAJAN, M.",W,ADMK,M,40285,122637,83482,82454
1980,VIRUDHUNAGAR,"SRINIVASAN, P.",N,DMK,M,29665,122637,83482,82454
1980,VIRUDHUNAGAR,"BALASUBRAMANIAN, S.",N,JNP(JP),M,12504,122637,83482,82454
1980,SIVAKASI,"BALAKRISHNAN, V.",W,ADMK,M,53081,135976,87398,86561
1980,SIVAKASI,"ALAGU THEVAR, S.",N,DMK,M,27348,135976,87398,86561
1980,SIVAKASI,"ALAGAR RAJAN, P.",N,JNP(JP),M,4084,135976,87398,86561
1980,SIVAKASI,"JESUDOS, M.",N,IND,M,549,135976,87398,86561
1980,SIVAKASI,"IGNACIMUTHU, A.",N,IND,M,275,135976,87398,86561
1980,SIVAKASI,"GOPALAKRISHNAN, K.",N,IND,M,252,135976,87398,86561
1980,SIVAKASI,"JEYARAM, V.",N,IND,M,251,135976,87398,86561
1980,SIVAKASI,"CHINNAIAH, V.",N,IND,M,225,135976,87398,86561
1980,SIVAKASI,"BALAKRISHNAN, E.K.P",N,IND,M,188,135976,87398,86561
1980,SIVAKASI,RAMAKRISHNAN S.,N,IND,M,163,135976,87398,86561
1980,SIVAKASI,"KALAIAPPA NADAR, K.",N,IND,M,145,135976,87398,86561
1980,SRIVILLIPUTHUR,THAMARAIKKANI R.,W,ADMK,M,46882,129712,90874,89536
1980,SRIVILLIPUTHUR,KARRUPPIAH THEVAR P.,N,INC(I),M,29216,129712,90874,89536
1980,SRIVILLIPUTHUR,KALASALINGAM T.,N,IND,M,12459,129712,90874,89536
1980,SRIVILLIPUTHUR,SURIYANARAYANAN R.,N,IND,M,406,129712,90874,89536
1980,SRIVILLIPUTHUR,PANDI K.,N,IND,M,366,129712,90874,89536
1980,SRIVILLIPUTHUR,MUTHIAH A.,N,IND,M,207,129712,90874,89536
1980,RAJAPALAYAM,MOKKIAN P.,W,IND,M,38339,131952,87786,87003
1980,RAJAPALAYAM,POTTU POTTAN K.,N,INC(I),M,29758,131952,87786,87003
1980,RAJAPALAYAM,CHINNASWAMY A.,N,IND,M,17119,131952,87786,87003
1980,RAJAPALAYAM,MARAN S.S.,N,IND,M,1298,131952,87786,87003
1980,RAJAPALAYAM,PARAMAN K.,N,IND,M,489,131952,87786,87003
1980,VILATHIKULAM,PERUMAL R.K.,W,ADMK,M,40728,116745,76930,75766
1980,VILATHIKULAM,KUMARAGURUBARA RAMANATHAN S.,N,DMK,M,34088,116745,76930,75766
1980,VILATHIKULAM,THOMAS T.,N,IND,M,367,116745,76930,75766
1980,VILATHIKULAM,CHELLASAMY P.,N,IND,M,343,116745,76930,75766
1980,VILATHIKULAM,RAMAKRISHNA BHAT Y.,N,IND,M,132,116745,76930,75766
1980,VILATHIKULAM,PERUMALSAMY NAICKER O.S.,N,IND,M,108,116745,76930,75766
1980,OTTAPIDARAM,"APPADURAI, M.",W,CPI,M,33071,109571,64720,63464
1980,OTTAPIDARAM,"VELUCHAMI, O. S.",N,INC(I),M,30393,109571,64720,63464
1980,KOILPATTI,"ALAGARASAMY, S.",W,CPI,M,39442,113218,77599,76777
1980,KOILPATTI,"JEYALAKSHMI, V.",N,INC(I),F,30792,113218,77599,76777
1980,KOILPATTI,"KALIDAS, S.",N,JNP(JP),M,6281,113218,77599,76777
1980,KOILPATTI,"GURUSAMY, A. N. A.",N,IND,M,262,113218,77599,76777
1980,SANKARANAYANARKOIL,"DURAIRAJ, P.",W,ADMK,M,31818,121949,66128,65107
1980,SANKARANAYANARKOIL,"MADAN, K.",N,DMK,M,29436,121949,66128,65107
1980,SANKARANAYANARKOIL,"MINNAVADI, U.",N,IND,M,3000,121949,66128,65107
1980,SANKARANAYANARKOIL,"MUTHIAH, P.",N,IND,M,508,121949,66128,65107
1980,SANKARANAYANARKOIL,"PANNEER SELVAM, K.",N,IND,M,345,121949,66128,65107
1980,VASUDEVANALLUR,"KRISHNAN, R.",W,CPM,M,33107,116791,66641,65541
1980,VASUDEVANALLUR,"ESWARAN, R.",N,INC(I),M,29921,116791,66641,65541
1980,VASUDEVANALLUR,AYYADURAI ALIAS ANANTHARAJ,N,JNP(JP),M,2513,116791,66641,65541
1980,KADAYANALLUR,SHAHUL HAMEED A.,W,IND,M,38225,110307,76596,75380
1980,KADAYANALLUR,"GANI A. M. ALIAS MOHIDEEN PITCHAI, A.",N,ADMK,M,36354,110307,76596,75380
1980,KADAYANALLUR,"KUMARASWAMY THEVAR, S.",N,IND,M,357,110307,76596,75380
1980,KADAYANALLUR,"ABDUL KADER, S. T.",N,IND,M,175,110307,76596,75380
1980,KADAYANALLUR,"RAMACHANDRAN, S.",N,IND,M,173,110307,76596,75380
1980,KADAYANALLUR,"RAMANATHAN, P.",N,IND,M,96,110307,76596,75380
1980,TENKASI,SATTANATHA KARAYALAR A. K.,W,ADMK,M,36638,114840,74565,73457
1980,TENKASI,"RAMANAN ALIAS VENKATARAMANAN, T. R.",N,INC(I),M,35963,114840,74565,73457
1980,TENKASI,"MOHIDEEN PICHAI, M.",N,IND,M,452,114840,74565,73457
1980,TENKASI,"KALYANA SUNDARAM, S.H.",N,IND,M,404,114840,74565,73457
1980,ALANGULAM,"NAVANEETHA KRISHNA PANDIAN, R.",W,GKC,M,41271,115519,77737,76604
1980,ALANGULAM,"DORAI SINGH, E.",N,DMK,M,34587,115519,77737,76604
1980,ALANGULAM,"RAYAPPAN NADAR, M.",N,IND,M,504,115519,77737,76604
1980,ALANGULAM,"RAMAKRISHNAN, M.",N,IND,M,242,115519,77737,76604
1980,TIRUNELVELI,"NEDUNCHEZHIYAN, V. R.",W,ADMK,M,48338,120570,84151,83394
1980,TIRUNELVELI,RAJATHI KUNCHITHAPATHAM,N,INC(I),F,34142,120570,84151,83394
1980,TIRUNELVELI,PANDIAN,N,IND,M,613,120570,84151,83394
1980,TIRUNELVELI,ILAN THEVAR CHANDRA SEKAR,N,IND,M,301,120570,84151,83394
1980,PALAYAMCOTTAI,"KARUPPASAMI PANDIAN, V. R.",W,ADMK,M,45049,116635,78504,77729
1980,PALAYAMCOTTAI,"SEETHARAMAN, SUBA",N,DMK,M,32680,116635,78504,77729
1980,CHERANMAHADEVI,"PANDIAN, P. H.",W,ADMK,M,42793,105348,75059,74274
1980,CHERANMAHADEVI,"RATNASABHAPATHY, V.",N,INC(I),M,30683,105348,75059,74274
1980,CHERANMAHADEVI,"JAMES, M.",N,IND,M,407,105348,75059,74274
1980,CHERANMAHADEVI,"RAJENDRAN, P.",N,IND,M,222,105348,75059,74274
1980,CHERANMAHADEVI,"SUNDARAM, A.",N,IND,M,169,105348,75059,74274
1980,AMBASAMUDRAM,EASWARMOORTHY ALIAS SORANAM,W,CPM,M,31262,104484,66914,65966
1980,AMBASAMUDRAM,SANGUMUTHU THEVARM S.,N,INC(I),M,26975,104484,66914,65966
1980,AMBASAMUDRAM,"SUBRAMANIAM, K. V.",N,IND,M,6999,104484,66914,65966
1980,AMBASAMUDRAM,"SETHURAMASAMY, N.",N,IND,M,730,104484,66914,65966
1980,NANGUNERI,"JOHN VINCENT, N.",W,ADMK,M,36725,119072,71209,70383
1980,NANGUNERI,"THANGARAJ, J.",N,INC(I),M,32676,119072,71209,70383
1980,NANGUNERI,"SUBBA REDDIAR, G.",N,IND,M,440,119072,71209,70383
1980,NANGUNERI,"SAMIKALAI NADAR, S.",N,IND,M,281,119072,71209,70383
1980,NANGUNERI,"JAYARAJ, P.",N,IND,M,261,119072,71209,70383
1980,RADHAPURAM,"MUTHU RAMALINGAM, S.",W,GKC,M,38044,116959,71382,70519
1980,RADHAPURAM,NELLAI NEDUMARAN,N,DMK,M,31408,116959,71382,70519
1980,RADHAPURAM,"KIRUPANITHI, A.",N,IND,M,480,116959,71382,70519
1980,RADHAPURAM,"SUBBIAH, P.",N,IND,M,257,116959,71382,70519
1980,RADHAPURAM,"DASON, V. G.",N,IND,M,206,116959,71382,70519
1980,RADHAPURAM,"GANAPATHI NADAR, S.",N,IND,M,124,116959,71382,70519
1980,SATTANGULAM,"RAMASAMY, S. N.",W,GKC,M,24700,123284,60457,59900
1980,SATTANGULAM,"DHANUSKODI ATHITHAN, R.",N,INC(I),M,23688,123284,60457,59900
1980,SATTANGULAM,"GANESA PANDIYAN, M. A.",N,JNP(JP),M,10349,123284,60457,59900
1980,SATTANGULAM,"RAJA SINGH, A. P.",N,IND,M,695,123284,60457,59900
1980,SATTANGULAM,"SUBRAMMANIAM, C.",N,IND,M,260,123284,60457,59900
1980,SATTANGULAM,"SAVARIMUTHU, S. R.",N,IND,M,208,123284,60457,59900
1980,TIRUCHENDUR,"KESAVA ATHITHAN, S.",W,ADMK,M,35499,132757,72248,71730
1980,TIRUCHENDUR,SAMSUDIN ALIAS KATHIRAVAN,N,DMK,M,34294,132757,72248,71730
1980,TIRUCHENDUR,"KESAVAN, K.",N,IND,M,948,132757,72248,71730
1980,TIRUCHENDUR,"JOHN BRITTO, G. A. T.",N,JNP(JP),M,707,132757,72248,71730
1980,TIRUCHENDUR,"SEYED AHAMED, M. P.",N,IND,M,161,132757,72248,71730
1980,TIRUCHENDUR,"KANDASAMY, K. P.",N,IND,M,65,132757,72248,71730
1980,TIRUCHENDUR,"RAMADOSS, M. S.",N,IND,M,56,132757,72248,71730
1980,SRIVAIKUNTAM,"RAMASUBRAMANIAN, E.",W,ADMK,M,26502,111712,68823,67968
1980,SRIVAIKUNTAM,"SHANMUGAM, V.",N,INC(I),M,24404,111712,68823,67968
1980,SRIVAIKUNTAM,"ADITANAR, SI, PA.",N,IND,M,12119,111712,68823,67968
1980,SRIVAIKUNTAM,"ASHOKKUMAR, S.",N,IND,M,3890,111712,68823,67968
1980,SRIVAIKUNTAM,"CHELLIAH, L.",N,IND,M,542,111712,68823,67968
1980,SRIVAIKUNTAM,"POTHIAH PILLAI, P.",N,IND,M,511,111712,68823,67968
1980,TUTICORIN,"RAJENDRAN, S. N.",W,ADMK,M,54171,142776,94722,94032
1980,TUTICORIN,"KRISHNAN, R.",N,DMK,M,39365,142776,94722,94032
1980,TUTICORIN,"ARUNACHALAM, V.",N,IND,M,496,142776,94722,94032
1980,KANNIYAKUMARI,"MUTHUKRISHNAN, S.",W,ADMK,M,35613,112972,75475,74851
1980,KANNIYAKUMARI,"MATHEVAN PILLAI, A.",N,INC(I),M,28515,112972,75475,74851
1980,KANNIYAKUMARI,"ANANDAN, P.",N,JNP(JP),M,6986,112972,75475,74851
1980,KANNIYAKUMARI,"ARULDHAS, P.",N,IND,M,3737,112972,75475,74851
1980,NAGERCOIL,"VINCENT, M.",W,ADMK,M,39328,130424,72284,71824
1980,NAGERCOIL,"THIRAVIAM, A.",N,DMK,M,30045,130424,72284,71824
1980,NAGERCOIL,"KURUZMICHCAL, A.",N,JNP(JP),M,1512,130424,72284,71824
1980,NAGERCOIL,"GANDHI, M. R.",N,BJP,M,693,130424,72284,71824
1980,NAGERCOIL,"RAMACHANDRAN, R.",N,IND,M,131,130424,72284,71824
1980,NAGERCOIL,"SUGANANTHAM, M.",N,IND,M,115,130424,72284,71824
1980,COLACHEL,RETNARAJ,W,DMK,M,42949,115330,64720,64076
1980,COLACHEL,"SANOTSHAM, M.",N,ADMK,M,21127,115330,64720,64076
1980,PADMANABHAPURAM,"MUTHAMMAD ISMAIL, P.",W,JNP(JP),M,19758,101364,53447,53017
1980,PADMANABHAPURAM,"LAWRENCE, K.",N,GKC,M,17434,101364,53447,53017
1980,PADMANABHAPURAM,"PAULIAH, A.",N,INC(I),M,15618,101364,53447,53017
1980,PADMANABHAPURAM,"SELVAMONY, B.",N,IND,M,147,101364,53447,53017
1980,PADMANABHAPURAM,"JOSEPH, T. C.",N,IND,M,60,101364,53447,53017
1980,THIRUVATTAR,HEMACHANDRAN J.,W,CPM,M,29463,101139,62255,61757
1980,THIRUVATTAR,THOBIAS P.,N,INC(I),M,17099,101139,62255,61757
1980,THIRUVATTAR,JAMES J.,N,JNP(JP),M,14970,101139,62255,61757
1980,THIRUVATTAR,THOMAS MARSHALL P.,N,IND,M,225,101139,62255,61757
1980,VILAVANCODE,MONI D.,W,CPM,M,34170,122522,64355,63673
1980,VILAVANCODE,DAVIS RAJ P.,N,DMK,M,25348,122522,64355,63673
1980,VILAVANCODE,PACKIANATHAN S.,N,JNP(JP),M,3370,122522,64355,63673
1980,VILAVANCODE,MANAS C.,N,IND,M,413,122522,64355,63673
1980,VILAVANCODE,PURSHOTHAMAN N.,N,IND,M,372,122522,64355,63673
1980,KILLIYOOR,VIJAYARAGHAVAN P.,W,JNP(JP),M,31521,97360,58596,58073
1980,KILLIYOOR,RUSSEL RAJ C.,N,DMK,M,16691,97360,58596,58073
1980,KILLIYOOR,RADHAKRISHNAN R.S.,N,ADMK,M,9861,97360,58596,58073
